,id,code_ids,label
16832,16832,"[1, 2, 3, 4, 5, 6, 5, 7, 5, 8, 9, 10, 11, 12, 9, 13, 4, 13, 6, 13, 7, 8, 14, 15, 7, 11, 14, 16, 4, 6, 17, 11, 18, 19, 20, 11, 7, 8, 21, 4, 22, 17, 11, 23, 19, 21, 4]",7
47583,47583,"[12, 2, 12, 24, 25, 26, 24, 12, 6, 24, 11, 24, 12, 9, 27, 28, 14, 5, 29, 14, 5, 30, 14, 5, 31, 32, 9, 14, 5, 9, 33, 24, 34, 25, 26, 6, 9, 30, 14, 30, 35, 6, 9, 36, 37, 14, 30, 35, 5, 38, 39, 24, 40, 5, 38, 39, 24, 36, 7, 24, 36, 41, 14, 5, 32, 9, 14, 5, 9, 33, 24, 34, 7, 9, 14, 6, 9, 40, 37, 7, 9, 14, 7, 9, 42, 5, 43, 7, 9, 40, 7, 9, 17, 7, 9, 42, 41, 41, 14, 7, 9, 32, 27, 14, 5, 27, 33, 24, 44, 17, 7, 27, 23, 41, 11, 45, 6, 27, 29, 14, 29, 35, 5, 17, 29, 23, 5, 46, 47, 11, 5, 47, 48, 22, 32, 28, 14, 5, 28, 33, 29, 49, 32, 27, 14, 5, 27, 33, 29, 40, 5, 44, 17, 11, 27, 42, 11, 27, 35, 5, 31, 14, 11, 27, 35, 5, 11, 27, 35, 5, 14, 11, 27, 11, 27, 14, 31, 32, 28, 14, 5, 28, 33, 29, 40, 5, 49, 46, 47, 11, 28, 47, 46, 47, 11, 28, 47, 48, 50, 5]",21
23203,23203,"[12, 2, 12, 51, 24, 9, 36, 52, 14, 5, 53, 54, 55, 56, 24, 17, 24, 23, 5, 57, 5, 22, 32, 9, 14, 5, 9, 58, 24, 34, 52, 59, 5, 57, 54, 38, 60, 52, 50, 5]",25
48880,48880,"[2, 12, 24, 36, 6, 7, 11, 36, 61, 61, 36, 62, 53, 54, 55, 24, 56, 24, 32, 12, 9, 14, 5, 9, 58, 24, 34, 53, 54, 63, 54, 63, 54, 63, 56, 6, 56, 7, 56, 11, 62, 14, 7, 10, 7, 40, 5, 10, 6, 10, 11, 17, 62, 42, 5, 61, 14, 40, 7, 35, 64, 62, 39, 5, 10, 6, 61, 14, 40, 7, 40, 64, 62, 39, 5, 10, 6, 57, 61, 14, 54, 38, 60, 61, 14, 54, 38, 60, 24, 61, 61, 22, 17, 65, 62, 33, 5, 66, 40, 5, 61, 14, 40, 7, 39, 5, 10, 6, 57, 61, 14, 61, 14, 54, 38, 60, 24, 61, 22, 61, 14, 40, 7, 35, 64, 40, 62, 39, 5, 10, 6, 61, 14, 40, 7, 40, 64, 40, 62, 39, 5, 10, 6, 17, 65, 7, 33, 5, 66, 40, 5, 57, 61, 14, 54, 38, 60, 35, 54, 38, 67, 61, 14, 54, 38, 60, 40, 54, 38, 67, 24, 7, 39, 5, 10, 6, 64, 5, 10, 6, 10, 11, 40, 7, 10, 7, 39, 5, 10, 6, 7, 39, 5, 10, 6, 64, 5, 10, 6, 10, 11, 40, 7, 10, 7, 39, 5, 10, 6, 22, 57, 61, 14, 54, 38, 60, 35, 54, 38, 67, 61, 14, 54, 38, 60, 40, 54, 38, 67, 24, 40, 7, 39, 5, 10, 6, 64, 5, 10, 6, 10, 11, 40, 7, 10, 7, 39, 5, 10, 6, 40, 7, 39, 5, 10, 6, 64, 5, 10, 6, 10, 11, 40, 7, 10, 7, 39, 5, 10, 6]",27
35611,35611,"[12, 2, 12, 24, 68, 5, 69, 5, 70, 5, 14, 5, 9, 41, 14, 5, 53, 54, 55, 24, 56, 24, 32, 9, 14, 5, 9, 58, 24, 34, 53, 54, 55, 54, 55, 24, 56, 68, 9, 56, 69, 9, 17, 68, 9, 71, 5, 56, 56, 68, 9, 58, 5, 56, 56, 69, 9, 71, 5, 56, 56, 69, 9, 58, 5, 70, 9, 14, 70, 9, 40, 5, 35, 5, 17, 70, 9, 71, 41, 41, 14, 70, 9, 57, 54, 55, 41, 50, 5]",82
9020,9020,"[1, 2, 3, 6, 5, 5, 12, 7, 5, 11, 5, 52, 5, 41, 9, 27, 28, 12, 24, 53, 54, 55, 56, 24, 32, 9, 14, 5, 9, 33, 24, 34, 53, 54, 55, 54, 52, 56, 7, 9, 6, 9, 52, 9, 14, 15, 6, 9, 32, 27, 14, 5, 27, 33, 5, 44, 11, 27, 14, 5, 32, 9, 14, 5, 9, 33, 24, 34, 32, 28, 14, 5, 28, 33, 52, 9, 49, 17, 6, 9, 28, 23, 5, 35, 27, 11, 27, 14, 11, 27, 35, 5, 41, 14, 5, 32, 9, 14, 5, 9, 33, 5, 34, 17, 11, 9, 42, 41, 41, 14, 11, 9, 32, 9, 14, 5, 9, 33, 5, 34, 17, 11, 9, 23, 41, 57, 54, 11, 24, 9, 35, 5, 57, 54, 55, 24, 11, 9, 32, 28, 14, 5, 28, 33, 24, 49, 32, 27, 14, 5, 27, 33, 52, 28, 44, 17, 6, 28, 27, 23, 5, 35, 9, 57, 54, 55, 24, 7, 28]",2
8623,8623,"[72, 12, 2, 12, 9, 27, 24, 51, 28, 73, 14, 5, 3, 6, 5, 5, 5, 25, 26, 24, 32, 28, 14, 5, 28, 58, 5, 49, 32, 9, 14, 5, 9, 58, 5, 34, 32, 27, 14, 5, 27, 58, 5, 44, 6, 28, 9, 27, 14, 74, 32, 9, 14, 5, 9, 58, 24, 34, 32, 27, 14, 5, 27, 58, 24, 44, 25, 26, 6, 5, 9, 27, 25, 26, 51, 32, 28, 14, 5, 28, 33, 51, 49, 32, 9, 14, 5, 9, 58, 24, 34, 32, 27, 14, 5, 27, 58, 24, 44, 17, 6, 28, 9, 27, 23, 74, 17, 6, 28, 9, 40, 5, 27, 23, 75, 75, 6, 28, 9, 35, 5, 27, 23, 75, 75, 6, 28, 9, 27, 35, 5, 23, 75, 75, 6, 28, 9, 27, 40, 5, 23, 6, 28, 35, 5, 9, 27, 14, 17, 6, 28, 9, 27, 23, 6, 28, 35, 5, 9, 27, 14, 17, 6, 28, 9, 27, 23, 6, 28, 35, 5, 9, 27, 14, 32, 9, 14, 5, 9, 58, 24, 34, 32, 27, 14, 5, 27, 58, 24, 44, 17, 6, 51, 9, 27, 23, 73, 14, 73, 35, 5, 46, 47, 73, 47, 48, 50, 5, 72]",59
14082,14082,"[12, 2, 12, 24, 14, 5, 12, 6, 14, 5, 12, 76, 14, 5, 12, 77, 14, 5, 12, 78, 14, 5, 12, 27, 14, 5, 25, 26, 24, 32, 12, 7, 14, 5, 7, 58, 24, 7, 14, 7, 35, 5, 25, 26, 6, 32, 12, 9, 14, 5, 9, 58, 6, 9, 14, 9, 35, 5, 27, 14, 79, 5, 17, 27, 23, 5, 77, 14, 76, 35, 78, 17, 27, 23, 5, 76, 14, 77, 35, 78, 17, 27, 23, 5, 78, 14, 76, 35, 77, 12, 7, 14, 5, 12, 11, 14, 5, 7, 14, 41, 76, 77, 11, 14, 41, 7, 78, 46, 47, 11, 47, 48, 76, 14, 5, 77, 14, 5, 78, 14, 5, 50, 5]",61
8007,8007,"[12, 2, 12, 6, 5, 5, 80, 81, 9, 27, 28, 30, 25, 26, 80, 26, 81, 30, 14, 80, 35, 81, 32, 9, 14, 5, 9, 58, 80, 34, 32, 27, 14, 5, 27, 58, 81, 44, 25, 26, 6, 9, 27, 32, 28, 14, 5, 28, 58, 30, 49, 17, 28, 58, 81, 35, 5, 9, 14, 5, 27, 14, 28, 40, 5, 82, 46, 47, 6, 9, 27, 47, 48, 9, 83, 5, 27, 84, 5, 85, 9, 58, 80, 56, 56, 27, 71, 5, 22, 9, 14, 28, 40, 81, 27, 14, 28, 40, 9, 82, 46, 47, 6, 9, 27, 47, 48, 9, 83, 5, 27, 84, 5, 85, 9, 58, 80, 56, 56, 27, 71, 5, 50, 5]",4
12282,12282,"[12, 41, 12, 7, 12, 11, 12, 86, 12, 7, 12, 11, 12, 2, 1, 12, 9, 27, 28, 12, 24, 51, 12, 6, 7, 11, 53, 54, 55, 56, 24, 12, 87, 14, 5, 5, 5, 5, 5, 5, 5, 5, 5, 5, 5, 5, 5, 85, 24, 88, 51, 14, 5, 53, 54, 89, 89, 55, 56, 6, 56, 7, 56, 11, 17, 90, 5, 23, 5, 56, 56, 90, 5, 18, 5, 75, 75, 90, 5, 23, 5, 17, 7, 23, 5, 56, 56, 11, 23, 5, 75, 75, 7, 23, 5, 56, 56, 11, 23, 5, 57, 91, 24, 92, 22, 17, 11, 58, 5, 56, 56, 7, 42, 5, 75, 75, 11, 42, 5, 56, 56, 7, 58, 5, 32, 9, 14, 86, 7, 11, 9, 33, 41, 7, 11, 34, 51, 83, 87, 9, 93, 17, 94, 5, 23, 5, 57, 95, 24, 92, 22, 57, 91, 24, 92, 22, 17, 11, 23, 7, 57, 91, 24, 92, 22, 32, 9, 14, 86, 7, 11, 9, 33, 41, 7, 11, 34, 51, 83, 87, 9, 17, 94, 5, 23, 5, 57, 95, 24, 92, 22, 57, 91, 24, 92, 22, 17, 11, 18, 7, 32, 9, 14, 86, 7, 11, 9, 33, 41, 7, 11, 34, 51, 83, 87, 9, 17, 94, 5, 23, 5, 57, 95, 24, 92, 22, 57, 91, 24, 92, 22, 17, 11, 23, 7, 57, 91, 24, 92, 50, 5, 12, 41, 12, 7, 12, 11, 17, 7, 42, 11, 50, 7, 50, 11, 12, 86, 12, 7, 12, 11, 17, 7, 33, 11, 50, 7, 50, 11]",71
39399,39399,"[12, 2, 12, 80, 81, 9, 6, 24, 24, 7, 24, 24, 24, 55, 32, 80, 14, 5, 80, 33, 24, 96, 32, 81, 14, 5, 81, 33, 24, 97, 6, 80, 81, 14, 5, 53, 54, 55, 54, 55, 56, 6, 5, 5, 56, 55, 32, 9, 14, 5, 9, 33, 55, 34, 32, 80, 14, 5, 80, 33, 24, 96, 32, 81, 14, 5, 81, 33, 24, 97, 7, 80, 81, 14, 5, 32, 80, 14, 5, 80, 33, 24, 96, 32, 81, 14, 5, 81, 33, 24, 97, 17, 6, 80, 81, 18, 5, 7, 80, 40, 5, 81, 40, 5, 83, 6, 80, 81, 7, 80, 81, 40, 5, 83, 6, 80, 81, 7, 80, 35, 5, 81, 40, 5, 83, 6, 80, 81, 7, 80, 40, 5, 81, 83, 6, 80, 81, 7, 80, 35, 5, 81, 83, 6, 80, 81, 7, 80, 40, 5, 81, 35, 5, 83, 6, 80, 81, 7, 80, 81, 35, 5, 83, 6, 80, 81, 7, 80, 35, 5, 81, 35, 5, 83, 6, 80, 81, 6, 80, 81, 59, 5, 32, 80, 14, 5, 80, 33, 24, 96, 32, 81, 14, 5, 81, 33, 24, 97, 6, 80, 81, 14, 6, 80, 81, 35, 7, 80, 81, 32, 80, 14, 5, 80, 33, 24, 96, 32, 81, 14, 5, 81, 33, 24, 40, 5, 97, 57, 54, 55, 6, 80, 81, 57, 54, 55, 24, 6, 80, 24, 40, 5, 50, 5]",48
13594,13594,"[12, 2, 12, 28, 53, 54, 55, 56, 28, 32, 12, 9, 14, 5, 9, 33, 28, 34, 12, 24, 53, 54, 55, 56, 24, 36, 98, 5, 36, 30, 14, 5, 36, 6, 32, 12, 99, 14, 5, 99, 33, 24, 100, 53, 54, 63, 56, 98, 99, 30, 83, 98, 99, 6, 14, 30, 39, 24, 30, 14, 5, 32, 12, 7, 14, 5, 7, 33, 24, 101, 98, 7, 14, 98, 7, 40, 6, 10, 98, 7, 40, 6, 30, 83, 98, 7, 36, 102, 102, 14, 103, 30, 39, 24, 5, 38, 57, 54, 38, 63, 24, 102, 50, 5]",38
9105,9105,"[72, 104, 105, 12, 106, 3, 107, 5, 12, 2, 12, 24, 51, 9, 27, 12, 107, 106, 5, 14, 5, 53, 54, 55, 56, 24, 104, 105, 108, 5, 32, 9, 14, 5, 9, 33, 24, 34, 53, 54, 89, 52, 56, 108, 9, 109, 108, 9, 110, 32, 9, 14, 5, 9, 33, 24, 34, 32, 27, 14, 5, 27, 33, 5, 44, 51, 14, 108, 9, 110, 27, 40, 111, 107, 106, 51, 112, 12, 41, 14, 107, 106, 5, 107, 14, 111, 32, 9, 14, 5, 9, 33, 5, 34, 17, 107, 106, 9, 42, 41, 41, 14, 107, 106, 9, 107, 14, 9, 35, 111, 57, 54, 11, 113, 55, 24, 107, 41, 32, 9, 14, 5, 9, 33, 24, 34, 32, 27, 14, 5, 27, 33, 5, 44, 17, 108, 9, 110, 27, 23, 107, 57, 54, 55, 24, 108, 9, 109, 50, 5, 72]",2
38248,38248,"[12, 2, 12, 6, 7, 27, 28, 114, 76, 5, 5, 25, 26, 6, 26, 7, 32, 27, 14, 5, 27, 33, 6, 44, 32, 28, 14, 5, 28, 33, 7, 49, 114, 66, 25, 26, 66, 76, 27, 28, 14, 66, 12, 115, 116, 114, 77, 5, 5, 25, 26, 115, 26, 116, 32, 27, 14, 5, 27, 33, 115, 44, 32, 28, 14, 5, 28, 33, 116, 49, 114, 117, 25, 26, 117, 77, 27, 28, 14, 117, 12, 9, 12, 115, 12, 11, 5, 5, 14, 5, 32, 27, 14, 5, 27, 33, 6, 44, 32, 28, 14, 5, 28, 33, 116, 49, 115, 14, 5, 32, 9, 14, 5, 9, 33, 7, 34, 115, 14, 115, 35, 76, 27, 9, 10, 77, 9, 28, 11, 27, 28, 14, 115, 17, 116, 23, 5, 32, 9, 14, 5, 9, 33, 6, 34, 46, 47, 11, 9, 5, 47, 48, 22, 32, 27, 14, 5, 27, 33, 6, 44, 32, 28, 14, 5, 28, 33, 116, 49, 17, 28, 23, 5, 46, 47, 11, 27, 28, 22, 17, 28, 23, 116, 40, 5, 46, 47, 47, 11, 27, 28, 47, 48, 22, 46, 47, 47, 11, 27, 28, 50, 5]",63
26701,26701,"[1, 2, 12, 51, 24, 78, 5, 5, 9, 27, 28, 118, 119, 14, 5, 53, 54, 55, 54, 55, 56, 51, 56, 24, 32, 9, 14, 5, 9, 33, 51, 34, 32, 27, 14, 5, 27, 33, 24, 44, 53, 54, 55, 56, 78, 9, 27, 32, 9, 14, 5, 9, 33, 51, 34, 32, 27, 14, 5, 27, 33, 24, 44, 32, 28, 14, 5, 28, 33, 24, 49, 17, 78, 9, 27, 33, 78, 9, 28, 120, 17, 28, 23, 24, 32, 118, 14, 5, 118, 33, 51, 121, 17, 78, 9, 27, 42, 78, 118, 27, 120, 17, 118, 23, 51, 57, 54, 55, 35, 54, 55, 9, 27, 22, 122, 17, 119, 23, 51, 57, 91]",35
6820,6820,"[12, 2, 12, 78, 4, 52, 69, 32, 78, 14, 5, 78, 58, 5, 78, 83, 5, 32, 4, 14, 5, 4, 58, 5, 4, 83, 5, 32, 52, 14, 5, 52, 58, 5, 52, 83, 5, 32, 69, 14, 5, 69, 58, 5, 69, 83, 5, 17, 78, 23, 4, 75, 75, 78, 23, 52, 75, 75, 78, 23, 69, 75, 75, 4, 23, 52, 75, 75, 4, 23, 69, 75, 75, 52, 23, 69, 92, 17, 78, 35, 4, 23, 52, 35, 69, 56, 56, 78, 35, 69, 42, 52, 35, 4, 56, 56, 78, 35, 52, 33, 4, 17, 69, 42, 4, 46, 47, 69, 47, 69, 47, 48, 46, 47, 4, 47, 4, 47, 48, 46, 47, 78, 47, 78, 47, 48, 46, 47, 52, 47, 52, 47, 48, 50, 5]",78
36442,36442,"[12, 2, 3, 6, 5, 5, 12, 27, 24, 9, 73, 14, 5, 29, 53, 54, 55, 56, 24, 32, 9, 14, 5, 9, 33, 24, 34, 53, 54, 52, 56, 6, 9, 32, 27, 14, 5, 27, 33, 15, 6, 9, 44, 17, 12, 6, 9, 5, 42, 5, 56, 56, 12, 6, 9, 5, 33, 5, 123, 120, 17, 12, 6, 9, 27, 33, 5, 56, 56, 12, 6, 9, 27, 42, 5, 75, 75, 12, 6, 9, 27, 33, 5, 56, 56, 12, 6, 9, 27, 42, 5, 75, 75, 12, 6, 9, 27, 33, 5, 56, 56, 12, 6, 9, 27, 42, 5, 75, 75, 12, 6, 9, 27, 23, 5, 92, 22, 123, 17, 73, 23, 5, 57, 95, 24, 22, 57, 91, 24, 73, 14, 5, 50, 5]",85
28494,28494,"[12, 2, 12, 124, 5, 5, 14, 5, 5, 5, 5, 5, 5, 5, 5, 5, 5, 5, 5, 5, 5, 5, 5, 5, 5, 6, 14, 5, 7, 14, 5, 11, 14, 5, 32, 12, 9, 14, 5, 9, 58, 5, 34, 12, 6, 14, 5, 7, 14, 5, 11, 14, 5, 17, 124, 9, 5, 42, 124, 9, 5, 125, 126, 17, 124, 9, 5, 33, 124, 9, 5, 101, 17, 124, 9, 5, 42, 124, 9, 5, 101, 17, 124, 9, 5, 42, 124, 9, 5, 126, 17, 124, 9, 5, 40, 124, 9, 5, 10, 6, 40, 7, 33, 5, 56, 56, 124, 9, 5, 40, 124, 9, 5, 10, 7, 40, 11, 33, 5, 56, 56, 124, 9, 5, 40, 124, 9, 5, 10, 6, 40, 11, 33, 5, 6, 14, 124, 9, 5, 7, 14, 124, 9, 5, 11, 14, 124, 9, 5, 120, 17, 6, 33, 127, 56, 7, 33, 11, 46, 47, 128, 22, 17, 6, 33, 129, 56, 11, 33, 7, 46, 47, 130, 22, 17, 7, 33, 131, 56, 6, 33, 11, 46, 47, 132, 22, 17, 7, 33, 129, 56, 11, 33, 6, 46, 47, 133, 22, 17, 11, 33, 127, 56, 7, 33, 6, 46, 47, 134, 22, 17, 11, 33, 131, 56, 6, 33, 7, 46, 47, 135, 50, 5]",101
13223,13223,"[12, 2, 12, 24, 12, 6, 5, 12, 27, 9, 53, 54, 55, 56, 24, 32, 27, 14, 5, 27, 33, 24, 44, 53, 54, 55, 56, 6, 27, 32, 27, 14, 24, 40, 5, 9, 14, 5, 27, 42, 40, 5, 27, 88, 17, 9, 33, 24, 40, 5, 57, 54, 55, 6, 27, 34, 17, 9, 23, 24, 40, 5, 57, 54, 55, 6, 5, 34, 50, 5]",47
37213,37213,"[12, 7, 14, 5, 1, 2, 12, 51, 24, 9, 27, 28, 6, 5, 14, 5, 9, 29, 53, 54, 89, 55, 56, 51, 56, 24, 32, 9, 14, 51, 9, 58, 24, 34, 32, 27, 14, 5, 27, 58, 9, 39, 5, 44, 17, 79, 27, 18, 5, 28, 14, 5, 22, 28, 14, 5, 120, 17, 28, 23, 5, 9, 14, 5, 29, 14, 9, 85, 29, 42, 5, 9, 14, 9, 10, 5, 35, 136, 5, 29, 14, 29, 39, 5, 17, 9, 23, 9, 6, 7, 14, 9, 101, 17, 6, 5, 23, 5, 57, 91, 24, 22, 32, 9, 14, 5, 6, 9, 35, 5, 18, 5, 34, 57, 54, 55, 6, 9, 57, 54, 55, 24, 6, 9]",74
6927,6927,"[12, 2, 12, 78, 4, 52, 69, 32, 78, 14, 5, 78, 58, 5, 137, 32, 4, 14, 5, 4, 58, 5, 138, 17, 4, 23, 78, 92, 32, 52, 14, 5, 52, 58, 5, 139, 17, 52, 23, 78, 75, 75, 52, 23, 4, 92, 32, 69, 14, 5, 69, 58, 5, 140, 17, 69, 23, 78, 75, 75, 69, 23, 4, 75, 75, 69, 23, 52, 92, 17, 78, 35, 4, 23, 52, 35, 141, 56, 78, 35, 69, 42, 52, 35, 142, 56, 78, 35, 52, 33, 4, 46, 47, 69, 47, 69, 10, 5, 47, 48, 47, 4, 47, 4, 10, 5, 47, 48, 47, 78, 47, 78, 10, 5, 47, 48, 47, 52, 47, 52, 10, 5, 47, 48, 50, 5]",78
3586,3586,"[12, 2, 12, 24, 9, 27, 53, 54, 55, 56, 24, 12, 6, 5, 7, 5, 41, 14, 5, 143, 7, 5, 144, 7, 32, 9, 14, 5, 9, 33, 24, 34, 53, 54, 55, 56, 6, 9, 32, 9, 14, 5, 9, 33, 24, 34, 32, 27, 14, 5, 27, 33, 9, 44, 17, 6, 9, 58, 6, 27, 7, 9, 14, 7, 27, 35, 5, 42, 7, 9, 43, 7, 27, 35, 5, 7, 9, 41, 14, 41, 42, 7, 9, 43, 41, 7, 9, 57, 54, 55, 41, 35, 5]",10
50241,50241,"[12, 2, 12, 24, 14, 5, 76, 5, 3, 11, 85, 5, 53, 54, 89, 11, 56, 76, 24, 56, 11, 145, 17, 11, 23, 5, 120, 17, 24, 23, 5, 57, 146, 24, 22, 147, 6, 14, 5, 7, 14, 5, 9, 32, 9, 14, 5, 9, 58, 24, 40, 5, 34, 17, 6, 33, 76, 9, 7, 14, 6, 6, 14, 76, 9, 22, 17, 6, 42, 76, 9, 56, 56, 76, 9, 42, 7, 7, 14, 76, 9, 17, 6, 42, 127, 56, 7, 42, 5, 57, 54, 55, 24, 7, 22, 57, 146, 24, 50, 5]",22
42023,42023,"[12, 2, 12, 9, 27, 24, 6, 5, 51, 148, 25, 26, 24, 32, 9, 14, 5, 9, 33, 24, 34, 25, 26, 51, 17, 51, 23, 5, 46, 47, 5, 22, 32, 27, 14, 5, 27, 33, 51, 44, 25, 26, 6, 27, 32, 27, 14, 5, 27, 33, 51, 44, 148, 14, 5, 10, 27, 35, 6, 27, 17, 148, 35, 5, 71, 5, 17, 148, 58, 5, 46, 47, 6, 27, 120, 148, 14, 5, 10, 27, 40, 5, 35, 6, 27, 40, 5, 120, 17, 148, 35, 5, 33, 5, 46, 47, 5, 40, 5, 40, 148, 35, 6, 27, 40, 5, 46, 47, 48, 50, 5]",86
45473,45473,"[12, 2, 12, 24, 28, 12, 6, 5, 7, 5, 12, 9, 27, 53, 54, 55, 54, 55, 56, 24, 56, 28, 53, 54, 55, 56, 6, 5, 32, 9, 14, 5, 9, 33, 24, 34, 53, 54, 55, 56, 6, 9, 32, 9, 14, 5, 9, 33, 24, 34, 32, 27, 14, 9, 35, 5, 27, 33, 24, 44, 17, 6, 9, 35, 6, 27, 23, 28, 57, 95, 120, 17, 6, 9, 35, 6, 27, 23, 28, 120, 17, 6, 9, 35, 6, 27, 18, 28, 57, 91, 50, 5]",3
3254,3254,"[12, 2, 12, 149, 12, 51, 12, 24, 12, 51, 24, 29, 9, 28, 53, 54, 55, 24, 56, 29, 32, 9, 14, 5, 9, 33, 29, 34, 53, 54, 89, 55, 24, 56, 51, 56, 24, 28, 14, 149, 51, 24, 57, 54, 55, 24, 28, 50, 5, 12, 149, 12, 51, 12, 24, 12, 52, 14, 5, 17, 51, 23, 5, 75, 75, 24, 23, 5, 52, 14, 52, 35, 5, 22, 17, 51, 42, 24, 52, 14, 52, 35, 149, 51, 40, 24, 24, 35, 149, 51, 24, 40, 5, 22, 17, 51, 23, 24, 52, 14, 52, 35, 5, 35, 149, 51, 24, 40, 5, 22, 52, 14, 52, 35, 149, 51, 51, 50, 52]",90
25386,25386,"[12, 2, 12, 150, 3, 10, 151, 12, 51, 9, 27, 7, 152, 53, 54, 55, 56, 51, 32, 9, 14, 5, 9, 58, 51, 39, 5, 9, 83, 5, 152, 14, 5, 32, 27, 14, 5, 27, 33, 9, 44, 17, 79, 27, 23, 5, 152, 14, 5, 17, 152, 23, 5, 7, 14, 51, 40, 9, 32, 27, 14, 5, 27, 33, 7, 44, 17, 153, 27, 23, 5, 152, 14, 5, 17, 152, 23, 5, 57, 54, 55, 54, 55, 24, 9, 7, 50, 5]",43
12895,12895,"[2, 12, 6, 5, 7, 5, 11, 5, 55, 5, 24, 9, 53, 54, 55, 56, 24, 32, 9, 14, 5, 9, 33, 24, 34, 53, 54, 55, 54, 55, 54, 55, 56, 6, 9, 56, 7, 9, 56, 11, 9, 17, 24, 23, 5, 57, 5, 5, 24, 57, 5, 5, 24, 57, 5, 5, 24, 22, 57, 5, 5, 24, 57, 5, 5, 24, 57, 5, 5, 24]",14
5067,5067,"[1, 2, 12, 154, 5, 155, 5, 12, 9, 27, 28, 51, 24, 29, 156, 14, 5, 32, 9, 14, 5, 9, 33, 5, 34, 154, 9, 14, 5, 155, 9, 14, 5, 32, 27, 14, 5, 27, 33, 5, 44, 17, 27, 23, 9, 92, 154, 27, 14, 5, 155, 27, 14, 5, 32, 28, 14, 5, 28, 33, 5, 49, 17, 28, 23, 9, 75, 75, 28, 23, 27, 92, 154, 28, 14, 5, 155, 28, 14, 5, 32, 51, 14, 5, 51, 33, 5, 93, 17, 51, 23, 9, 75, 75, 51, 23, 27, 75, 75, 51, 23, 28, 92, 154, 51, 14, 5, 155, 51, 14, 5, 32, 24, 14, 5, 24, 33, 5, 145, 17, 24, 23, 9, 75, 75, 24, 23, 27, 75, 75, 24, 23, 28, 75, 75, 24, 23, 51, 92, 154, 24, 14, 5, 155, 24, 14, 5, 29, 14, 5, 17, 154, 5, 18, 5, 56, 56, 154, 5, 18, 5, 157, 17, 155, 5, 23, 5, 56, 56, 154, 5, 23, 5, 75, 75, 155, 5, 23, 5, 56, 56, 154, 5, 18, 5, 157, 17, 155, 5, 23, 5, 56, 56, 154, 5, 23, 5, 75, 75, 155, 5, 23, 5, 56, 56, 154, 5, 18, 5, 157, 17, 155, 5, 23, 5, 56, 56, 154, 5, 23, 5, 75, 75, 155, 5, 23, 5, 56, 56, 154, 5, 18, 5, 157, 17, 155, 5, 23, 5, 56, 56, 154, 5, 18, 5, 75, 75, 155, 5, 23, 5, 56, 56, 154, 5, 23, 5, 157, 17, 155, 5, 23, 5, 56, 56, 154, 5, 23, 5, 75, 75, 155, 5, 23, 5, 56, 56, 154, 5, 18, 5, 157, 17, 29, 23, 5, 57, 54, 55, 54, 55, 54, 55, 54, 55, 54, 55, 24, 154, 5, 154, 5, 154, 5, 154, 5, 154, 5, 158]",41
25147,25147,"[12, 2, 12, 24, 25, 26, 24, 12, 6, 7, 11, 55, 32, 6, 14, 5, 6, 58, 24, 39, 5, 6, 14, 6, 35, 5, 32, 11, 14, 5, 11, 58, 64, 36, 6, 126, 17, 90, 11, 23, 5, 120, 32, 55, 14, 5, 55, 58, 64, 36, 24, 40, 6, 159, 17, 24, 40, 6, 54, 55, 23, 5, 120, 17, 11, 42, 64, 36, 6, 56, 56, 55, 42, 64, 36, 24, 40, 6, 46, 47, 6, 47, 47, 24, 40, 6, 47, 48, 50, 5]",43
40033,40033,"[12, 2, 104, 55, 12, 76, 12, 77, 12, 78, 104, 55, 52, 5, 12, 24, 9, 27, 28, 14, 5, 55, 12, 76, 77, 78, 7, 5, 11, 5, 36, 6, 5, 31, 53, 54, 55, 56, 24, 32, 9, 14, 5, 9, 33, 24, 34, 53, 54, 55, 54, 55, 54, 55, 56, 52, 9, 160, 56, 52, 9, 161, 56, 52, 9, 162, 32, 9, 14, 5, 9, 33, 24, 34, 32, 27, 14, 9, 35, 5, 27, 33, 24, 44, 76, 14, 52, 9, 160, 40, 52, 27, 160, 77, 14, 52, 9, 161, 40, 52, 27, 161, 78, 14, 52, 9, 162, 40, 52, 27, 162, 6, 28, 14, 76, 10, 76, 35, 77, 10, 77, 35, 78, 10, 78, 6, 28, 14, 64, 6, 28, 7, 28, 14, 9, 11, 28, 14, 27, 49, 32, 9, 14, 5, 9, 33, 28, 34, 32, 27, 14, 9, 35, 5, 27, 33, 28, 44, 17, 6, 9, 33, 6, 27, 75, 75, 6, 9, 23, 6, 27, 56, 56, 7, 9, 42, 7, 27, 75, 75, 6, 9, 23, 6, 27, 56, 56, 11, 9, 42, 11, 27, 31, 14, 6, 27, 6, 27, 14, 6, 9, 6, 9, 14, 31, 31, 14, 7, 27, 7, 27, 14, 7, 9, 7, 9, 14, 31, 31, 14, 11, 27, 11, 27, 14, 11, 9, 11, 9, 14, 31, 32, 9, 14, 5, 9, 33, 28, 34, 57, 54, 55, 54, 55, 54, 55, 40, 54, 55, 54, 55, 54, 55, 14, 54, 38, 63, 24, 52, 7, 9, 160, 52, 7, 9, 161, 52, 7, 9, 162, 52, 11, 9, 160, 52, 11, 9, 161, 52, 11, 9, 162, 6, 9, 53, 54, 55, 56, 55, 50, 5]",64
5515,5515,"[12, 2, 12, 24, 9, 6, 5, 7, 5, 4, 14, 5, 36, 51, 14, 5, 163, 11, 5, 53, 54, 55, 56, 24, 32, 9, 14, 5, 9, 33, 24, 34, 53, 54, 55, 56, 6, 9, 4, 14, 4, 35, 6, 9, 32, 9, 14, 5, 9, 33, 24, 34, 53, 54, 55, 56, 7, 9, 17, 7, 9, 71, 5, 56, 56, 7, 9, 58, 5, 11, 9, 14, 5, 38, 22, 17, 7, 9, 71, 5, 56, 56, 7, 9, 58, 5, 11, 9, 14, 5, 38, 22, 17, 7, 9, 71, 5, 56, 56, 7, 9, 58, 5, 11, 9, 14, 5, 38, 22, 17, 7, 9, 71, 5, 56, 56, 7, 9, 58, 5, 11, 9, 14, 5, 38, 22, 17, 7, 9, 71, 5, 56, 56, 7, 9, 58, 5, 11, 9, 14, 5, 38, 22, 17, 7, 9, 71, 5, 56, 56, 7, 9, 58, 5, 11, 9, 14, 5, 38, 22, 17, 7, 9, 71, 5, 56, 56, 7, 9, 58, 5, 11, 9, 14, 5, 38, 22, 17, 7, 9, 71, 5, 56, 56, 7, 9, 58, 5, 11, 9, 14, 5, 38, 22, 17, 7, 9, 71, 5, 56, 56, 7, 9, 58, 5, 11, 9, 14, 5, 38, 22, 17, 7, 9, 33, 5, 11, 9, 14, 5, 51, 14, 51, 35, 5, 38, 10, 6, 9, 10, 11, 9, 163, 14, 51, 39, 4, 57, 54, 38, 63, 163, 50, 5]",83
6739,6739,"[12, 2, 12, 164, 5, 9, 27, 163, 3, 76, 5, 14, 78, 4, 52, 69, 165, 32, 164, 5, 14, 5, 164, 5, 58, 5, 164, 5, 112, 32, 164, 5, 14, 5, 164, 5, 58, 5, 164, 5, 112, 17, 164, 5, 23, 164, 5, 92, 22, 32, 164, 5, 14, 5, 164, 5, 58, 5, 164, 5, 112, 17, 164, 5, 23, 164, 5, 75, 75, 164, 5, 23, 164, 5, 92, 22, 164, 5, 14, 164, 5, 35, 164, 5, 40, 164, 5, 17, 164, 5, 35, 164, 5, 42, 164, 5, 35, 164, 5, 56, 56, 164, 5, 35, 164, 5, 33, 164, 5, 32, 9, 14, 5, 9, 33, 5, 34, 32, 27, 14, 5, 27, 33, 5, 40, 9, 44, 17, 164, 27, 33, 164, 27, 35, 5, 163, 14, 164, 27, 164, 27, 14, 164, 27, 35, 5, 164, 27, 35, 5, 14, 163, 165, 14, 76, 27, 76, 27, 14, 76, 27, 35, 5, 76, 27, 35, 5, 14, 165, 32, 27, 14, 5, 27, 33, 5, 44, 46, 47, 76, 27, 47, 47, 164, 27, 10, 5, 47, 48, 50, 5]",78
32471,32471,"[12, 166, 12, 6, 167, 12, 7, 5, 9, 14, 5, 11, 14, 5, 12, 27, 28, 7, 9, 14, 90, 5, 34, 6, 14, 6, 39, 5, 17, 6, 42, 5, 166, 6, 22, 32, 28, 14, 5, 28, 58, 9, 49, 32, 27, 14, 5, 27, 33, 9, 40, 28, 40, 5, 44, 7, 28, 14, 7, 28, 10, 5, 11, 14, 11, 35, 7, 28, 50, 11, 2, 12, 24, 55, 53, 54, 55, 56, 24, 55, 14, 166, 24, 57, 54, 55, 55, 50, 5]",56
22000,22000,"[12, 2, 12, 24, 9, 27, 14, 5, 53, 54, 55, 56, 24, 57, 24, 12, 6, 5, 7, 11, 30, 14, 5, 32, 9, 14, 5, 9, 58, 24, 34, 7, 14, 79, 5, 11, 14, 9, 40, 7, 39, 5, 17, 79, 5, 18, 5, 56, 56, 7, 18, 5, 56, 56, 11, 18, 5, 30, 83, 9, 10, 9, 57, 54, 55, 30, 50, 5]",30
910,910,"[2, 12, 24, 53, 54, 55, 56, 24, 12, 9, 36, 168, 51, 76, 6, 24, 35, 5, 7, 24, 35, 5, 169, 29, 32, 9, 14, 5, 9, 33, 24, 34, 53, 54, 63, 54, 63, 56, 6, 9, 56, 7, 9, 169, 14, 6, 5, 40, 7, 5, 168, 14, 169, 39, 6, 5, 32, 9, 14, 5, 9, 33, 24, 34, 29, 14, 6, 9, 40, 7, 9, 51, 14, 29, 39, 6, 9, 17, 51, 71, 168, 76, 14, 51, 40, 168, 17, 76, 42, 5, 38, 57, 170, 24, 22, 57, 171, 24, 22, 76, 14, 168, 40, 51, 17, 76, 42, 5, 38, 57, 172, 24, 22, 57, 171, 24]",67
21320,21320,"[1, 2, 12, 6, 5, 7, 5, 11, 5, 3, 173, 5, 173, 5, 12, 9, 27, 28, 118, 24, 52, 53, 54, 174, 52, 173, 173, 27, 14, 5, 85, 173, 27, 18, 5, 6, 27, 14, 173, 27, 40, 5, 44, 28, 14, 5, 85, 173, 28, 18, 5, 7, 28, 14, 173, 28, 40, 5, 49, 118, 14, 5, 52, 14, 5, 85, 27, 42, 5, 56, 56, 28, 42, 5, 11, 118, 14, 6, 27, 40, 5, 35, 7, 28, 40, 5, 35, 52, 52, 14, 11, 118, 39, 5, 11, 118, 14, 11, 118, 54, 5, 27, 88, 28, 88, 121, 85, 27, 42, 5, 11, 118, 14, 6, 27, 40, 5, 35, 52, 52, 14, 11, 118, 39, 5, 11, 118, 14, 11, 118, 54, 5, 27, 88, 121, 85, 28, 42, 5, 11, 118, 14, 7, 28, 40, 5, 35, 52, 52, 14, 11, 118, 39, 5, 11, 118, 14, 11, 118, 54, 5, 28, 88, 121, 17, 52, 23, 5, 11, 118, 14, 52, 121, 85, 118, 42, 5, 56, 56, 11, 118, 40, 5, 23, 5, 118, 88, 85, 118, 42, 5, 57, 54, 55, 11, 118, 40, 5, 118, 88, 57, 24]",69
29205,29205,"[12, 2, 12, 24, 6, 5, 7, 14, 5, 11, 55, 60, 14, 5, 175, 14, 5, 9, 14, 5, 27, 14, 5, 28, 14, 5, 76, 14, 5, 77, 14, 5, 53, 54, 55, 56, 24, 85, 7, 58, 24, 53, 54, 55, 56, 6, 7, 101, 7, 14, 7, 40, 5, 55, 14, 7, 85, 28, 58, 55, 35, 5, 85, 9, 58, 55, 35, 5, 17, 6, 28, 23, 6, 9, 76, 14, 9, 85, 76, 58, 55, 6, 76, 14, 6, 76, 35, 5, 76, 14, 76, 35, 5, 55, 14, 55, 40, 5, 9, 14, 9, 22, 9, 14, 9, 35, 5, 49, 176, 9, 14, 77, 76, 14, 77, 85, 60, 58, 55, 35, 5, 57, 54, 55, 6, 60, 177, 17, 175, 18, 55, 35, 5, 57, 178, 50, 5]",53
883,883,"[12, 2, 12, 9, 24, 36, 6, 7, 36, 76, 77, 36, 179, 180, 25, 26, 24, 25, 26, 6, 26, 7, 180, 14, 7, 39, 6, 32, 9, 14, 5, 9, 33, 24, 34, 25, 26, 76, 26, 77, 179, 14, 77, 39, 76, 17, 179, 40, 180, 42, 5, 38, 46, 47, 172, 47, 48, 17, 180, 40, 179, 42, 5, 38, 46, 47, 170, 47, 48, 17, 65, 179, 40, 180, 58, 5, 38, 46, 47, 171, 47, 48, 50, 5]",67
50757,50757,"[1, 2, 3, 11, 5, 14, 5, 181, 181, 12, 163, 5, 14, 5, 9, 24, 14, 5, 27, 51, 13, 11, 9, 14, 5, 181, 14, 11, 5, 181, 14, 11, 5, 85, 11, 9, 18, 5, 17, 11, 9, 23, 181, 163, 9, 14, 5, 22, 163, 9, 14, 40, 5, 34, 145, 82, 51, 14, 5, 32, 9, 14, 5, 9, 33, 24, 40, 5, 34, 27, 14, 9, 35, 5, 85, 163, 27, 23, 5, 44, 17, 163, 9, 10, 163, 27, 23, 40, 5, 163, 9, 14, 163, 27, 14, 5, 57, 54, 55, 54, 55, 24, 9, 27, 51, 14, 5, 120, 85, 51, 23, 5]",77
7422,7422,"[12, 2, 12, 24, 6, 53, 54, 55, 56, 24, 12, 98, 24, 32, 12, 28, 14, 5, 28, 33, 24, 49, 53, 54, 55, 56, 98, 28, 32, 12, 27, 14, 5, 27, 33, 24, 44, 32, 12, 9, 14, 5, 9, 33, 24, 40, 27, 34, 17, 98, 9, 42, 98, 9, 35, 5, 6, 14, 98, 9, 35, 5, 98, 9, 35, 5, 14, 98, 9, 98, 9, 14, 6, 32, 12, 66, 14, 5, 66, 33, 24, 182, 17, 98, 66, 54, 5, 18, 5, 17, 66, 23, 24, 40, 5, 75, 75, 66, 23, 24, 40, 5, 57, 54, 55, 98, 66, 22, 57, 54, 55, 98, 66, 50, 5]",94
12211,12211,"[12, 2, 12, 24, 9, 77, 5, 168, 5, 168, 5, 53, 54, 55, 56, 24, 32, 9, 14, 5, 9, 33, 24, 34, 53, 54, 89, 89, 55, 56, 77, 9, 56, 168, 9, 56, 168, 9, 32, 9, 14, 5, 9, 33, 24, 34, 17, 77, 9, 54, 5, 23, 5, 56, 56, 77, 9, 54, 5, 18, 5, 75, 75, 77, 9, 54, 5, 23, 5, 183, 168, 9, 184, 5, 168, 9, 14, 5, 120, 184, 5, 168, 9, 14, 5, 120, 184, 5, 168, 9, 14, 5, 35, 5, 120, 184, 5, 168, 9, 14, 5, 35, 5, 35, 5, 120, 184, 5, 168, 9, 14, 5, 35, 5, 35, 5, 35, 5, 120, 184, 5, 168, 9, 14, 5, 35, 5, 35, 5, 35, 5, 35, 5, 120, 184, 5, 168, 9, 14, 5, 35, 5, 35, 5, 35, 5, 35, 5, 35, 5, 120, 184, 5, 168, 9, 14, 5, 35, 5, 35, 5, 35, 5, 35, 5, 35, 5, 35, 5, 120, 184, 5, 168, 9, 14, 5, 35, 5, 35, 5, 35, 5, 35, 5, 35, 5, 35, 5, 35, 5, 120, 184, 5, 168, 9, 14, 5, 35, 5, 35, 5, 35, 5, 35, 5, 35, 5, 35, 5, 35, 5, 35, 5, 120, 184, 5, 168, 9, 14, 5, 40, 5, 40, 5, 120, 184, 5, 168, 9, 14, 5, 40, 5, 120, 183, 168, 9, 184, 5, 168, 9, 14, 5, 120, 184, 5, 168, 9, 14, 5, 120, 184, 5, 168, 9, 14, 5, 35, 5, 120, 184, 5, 168, 9, 14, 5, 35, 5, 35, 5, 120, 184, 5, 168, 9, 14, 5, 35, 5, 35, 5, 35, 5, 120, 184, 5, 168, 9, 14, 5, 35, 5, 35, 5, 35, 5, 35, 5, 120, 184, 5, 168, 9, 14, 5, 35, 5, 35, 5, 35, 5, 35, 5, 35, 5, 120, 184, 5, 168, 9, 14, 5, 35, 5, 35, 5, 35, 5, 35, 5, 35, 5, 35, 5, 120, 184, 5, 168, 9, 14, 5, 35, 5, 35, 5, 35, 5, 35, 5, 35, 5, 35, 5, 35, 5, 120, 184, 5, 168, 9, 14, 5, 35, 5, 35, 5, 35, 5, 35, 5, 35, 5, 35, 5, 35, 5, 35, 5, 120, 184, 5, 168, 9, 14, 5, 40, 5, 40, 5, 120, 184, 5, 168, 9, 14, 5, 40, 5, 120, 17, 168, 9, 40, 168, 9, 54, 5, 23, 5, 75, 75, 168, 9, 40, 168, 9, 54, 5, 23, 5, 57, 95, 24, 22, 57, 91, 24, 22, 183, 168, 9, 184, 5, 168, 9, 14, 5, 120, 184, 5, 168, 9, 14, 5, 120, 184, 5, 168, 9, 14, 5, 35, 5, 40, 5, 120, 184, 5, 168, 9, 14, 5, 35, 5, 35, 5, 40, 5, 120, 184, 5, 168, 9, 14, 5, 35, 5, 35, 5, 35, 5, 40, 5, 120, 184, 5, 168, 9, 14, 5, 35, 5, 35, 5, 35, 5, 35, 5, 40, 5, 120, 184, 5, 168, 9, 14, 5, 35, 5, 35, 5, 35, 5, 35, 5, 35, 5, 40, 5, 120, 184, 5, 168, 9, 14, 5, 35, 5, 35, 5, 35, 5, 35, 5, 35, 5, 35, 5, 40, 5, 120, 184, 5, 168, 9, 14, 5, 35, 5, 35, 5, 35, 5, 35, 5, 35, 5, 35, 5, 35, 5, 40, 5, 120, 184, 5, 168, 9, 14, 5, 35, 5, 35, 5, 35, 5, 35, 5, 35, 5, 35, 5, 35, 5, 35, 5, 40, 5, 120, 184, 5, 168, 9, 14, 5, 40, 5, 40, 5, 40, 5, 120, 184, 5, 168, 9, 14, 5, 40, 5, 40, 5, 120, 183, 168, 9, 184, 5, 168, 9, 14, 5, 120, 184, 5, 168, 9, 14, 5, 120, 184, 5, 168, 9, 14, 5, 35, 5, 40, 5, 120, 184, 5, 168, 9, 14, 5, 35, 5, 35, 5, 40, 5, 120, 184, 5, 168, 9, 14, 5, 35, 5, 35, 5, 35, 5, 40, 5, 120, 184, 5, 168, 9, 14, 5, 35, 5, 35, 5, 35, 5, 35, 5, 40, 5, 120, 184, 5, 168, 9, 14, 5, 35, 5, 35, 5, 35, 5, 35, 5, 35, 5, 40, 5, 120, 184, 5, 168, 9, 14, 5, 35, 5, 35, 5, 35, 5, 35, 5, 35, 5, 35, 5, 40, 5, 120, 184, 5, 168, 9, 14, 5, 35, 5, 35, 5, 35, 5, 35, 5, 35, 5, 35, 5, 35, 5, 40, 5, 120, 184, 5, 168, 9, 14, 5, 35, 5, 35, 5, 35, 5, 35, 5, 35, 5, 35, 5, 35, 5, 35, 5, 40, 5, 120, 184, 5, 168, 9, 14, 5, 40, 5, 40, 5, 40, 5, 120, 184, 5, 168, 9, 14, 5, 40, 5, 40, 5, 120, 17, 168, 9, 40, 168, 9, 54, 5, 23, 5, 75, 75, 168, 9, 40, 168, 9, 54, 5, 23, 5, 57, 95, 24, 22, 57, 91, 24, 50, 5]",71
11421,11421,"[12, 2, 12, 6, 7, 11, 55, 66, 60, 51, 12, 76, 14, 5, 85, 185, 6, 23, 5, 56, 56, 7, 23, 5, 56, 56, 11, 23, 5, 56, 56, 55, 23, 5, 56, 56, 66, 23, 5, 56, 56, 60, 23, 5, 186, 53, 54, 55, 54, 55, 54, 55, 54, 55, 54, 55, 54, 55, 56, 6, 56, 7, 56, 11, 56, 55, 56, 66, 56, 60, 17, 6, 23, 5, 56, 56, 7, 23, 5, 56, 56, 11, 23, 5, 56, 56, 55, 23, 5, 56, 56, 66, 23, 5, 56, 56, 60, 23, 5, 50, 5, 51, 14, 5, 40, 6, 35, 55, 10, 5, 35, 66, 10, 5, 35, 60, 40, 7, 10, 5, 40, 11, 17, 76, 23, 5, 57, 54, 55, 51, 22, 57, 24, 57, 54, 55, 51, 50, 5]",87
15668,15668,"[12, 2, 12, 24, 12, 9, 27, 104, 12, 6, 7, 4, 5, 11, 12, 187, 188, 66, 53, 54, 55, 56, 24, 32, 9, 14, 5, 9, 33, 24, 34, 53, 54, 89, 55, 56, 4, 9, 189, 56, 4, 9, 190, 32, 9, 14, 5, 9, 33, 24, 34, 32, 27, 14, 5, 27, 33, 24, 40, 9, 44, 17, 4, 27, 189, 42, 4, 27, 35, 5, 189, 11, 14, 4, 27, 4, 27, 14, 4, 27, 35, 5, 4, 27, 35, 5, 14, 11, 187, 14, 4, 5, 189, 188, 14, 4, 5, 190, 32, 9, 14, 5, 9, 33, 24, 34, 17, 188, 33, 4, 9, 189, 66, 14, 5, 120, 22, 66, 14, 5, 17, 188, 33, 4, 9, 190, 188, 14, 4, 9, 190, 17, 66, 23, 5, 57, 91, 17, 66, 23, 5, 57, 54, 55, 54, 55, 187, 188, 50, 5]",76
13000,13000,"[1, 2, 12, 24, 6, 5, 9, 10, 163, 191, 53, 54, 55, 56, 24, 163, 14, 6, 32, 9, 14, 5, 9, 33, 24, 34, 53, 54, 55, 163, 35, 9, 32, 9, 14, 5, 9, 33, 24, 39, 5, 34, 191, 14, 10, 163, 35, 9, 10, 163, 35, 9, 14, 10, 163, 35, 24, 40, 5, 40, 9, 10, 163, 35, 24, 40, 5, 40, 9, 14, 191, 32, 163, 14, 6, 163, 33, 6, 35, 24, 192, 57, 54, 89, 52, 10, 163, 163, 23, 6, 35, 24, 40, 5, 43]",47
21390,21390,"[72, 12, 2, 12, 6, 5, 14, 5, 12, 9, 193, 12, 7, 5, 14, 5, 12, 194, 5, 14, 5, 3, 78, 5, 53, 54, 52, 78, 193, 14, 15, 78, 32, 9, 14, 5, 9, 33, 193, 34, 6, 193, 40, 5, 40, 9, 14, 78, 9, 40, 5, 53, 54, 52, 78, 193, 14, 15, 78, 32, 9, 14, 5, 9, 33, 193, 34, 7, 193, 40, 5, 40, 9, 14, 78, 9, 40, 5, 32, 9, 14, 5, 9, 33, 5, 34, 194, 9, 14, 6, 9, 35, 7, 9, 32, 9, 14, 5, 9, 33, 5, 34, 17, 194, 9, 71, 5, 194, 9, 35, 5, 14, 194, 9, 35, 5, 35, 194, 9, 39, 5, 194, 9, 14, 194, 9, 54, 5, 12, 195, 14, 5, 32, 9, 14, 5, 9, 42, 40, 5, 9, 88, 17, 194, 9, 18, 5, 195, 14, 5, 17, 195, 23, 5, 57, 54, 55, 194, 9, 17, 195, 23, 5, 57, 5, 57, 24, 50, 5, 72]",69
50191,50191,"[1, 2, 12, 6, 5, 9, 27, 24, 14, 5, 29, 60, 14, 5, 32, 9, 14, 5, 34, 53, 54, 55, 56, 6, 9, 24, 83, 5, 17, 196, 23, 24, 120, 32, 9, 14, 5, 9, 33, 24, 34, 32, 27, 14, 9, 35, 5, 27, 33, 24, 44, 17, 6, 9, 33, 6, 27, 29, 14, 6, 9, 6, 9, 14, 6, 27, 6, 27, 14, 29, 32, 9, 14, 5, 9, 33, 24, 34, 17, 6, 5, 42, 6, 9, 57, 54, 55, 24, 6, 9, 60, 14, 5, 120, 17, 60, 23, 5, 57, 91, 24]",22
45869,45869,"[1, 2, 12, 24, 9, 27, 7, 14, 5, 3, 6, 5, 10, 163, 10, 4, 13, 6, 24, 14, 15, 6, 163, 14, 56, 6, 5, 32, 9, 14, 24, 40, 5, 9, 71, 5, 9, 88, 10, 163, 35, 9, 35, 5, 14, 10, 163, 35, 9, 10, 163, 14, 10, 163, 35, 24, 35, 5, 14, 10, 163, 35, 24, 35, 5, 14, 5, 163, 14, 56, 6, 24, 35, 5, 32, 163, 42, 56, 6, 5, 163, 88, 17, 10, 163, 23, 32, 4, 14, 163, 40, 5, 4, 71, 56, 6, 5, 4, 88, 17, 10, 4, 23, 17, 4, 23, 56, 6, 5, 7, 14, 5, 32, 4, 14, 4, 35, 5, 4, 33, 163, 138, 57, 54, 11, 10, 4, 120, 17, 7, 18, 5, 57, 7, 14, 5]",23
754,754,"[12, 2, 12, 197, 9, 198, 52, 114, 11, 99, 53, 54, 55, 56, 197, 53, 54, 55, 54, 55, 56, 198, 56, 52, 11, 14, 5, 38, 10, 52, 39, 198, 32, 9, 14, 5, 9, 33, 197, 40, 5, 34, 53, 54, 55, 54, 55, 56, 198, 56, 52, 99, 14, 5, 38, 10, 52, 39, 198, 17, 99, 42, 129, 56, 99, 40, 11, 42, 5, 38, 57, 172, 24, 22, 17, 99, 33, 129, 56, 11, 40, 99, 42, 5, 38, 57, 170, 24, 22, 57, 171, 24, 50, 5]",67
41455,41455,"[12, 2, 12, 24, 9, 27, 28, 69, 3, 6, 5, 5, 53, 54, 55, 56, 24, 196, 32, 9, 14, 5, 9, 33, 24, 34, 13, 6, 9, 21, 6, 9, 28, 14, 15, 6, 9, 32, 27, 14, 5, 27, 33, 28, 44, 17, 6, 9, 27, 23, 6, 9, 27, 14, 43, 17, 6, 9, 27, 23, 6, 9, 27, 14, 32, 27, 14, 5, 27, 33, 28, 44, 17, 6, 9, 27, 18, 43, 56, 56, 6, 9, 27, 18, 6, 9, 27, 14, 32, 27, 14, 5, 27, 33, 28, 44, 17, 6, 9, 27, 23, 43, 32, 69, 14, 27, 69, 71, 5, 69, 88, 17, 6, 9, 69, 23, 6, 9, 27, 14, 6, 9, 69, 14, 120, 32, 27, 14, 5, 27, 33, 28, 44, 57, 54, 11, 6, 9, 27, 57, 24, 50, 5]",17
36191,36191,"[12, 60, 3, 6, 12, 193, 73, 14, 5, 3, 10, 163, 193, 14, 15, 6, 32, 163, 14, 6, 163, 33, 6, 35, 193, 192, 17, 10, 163, 71, 131, 56, 10, 163, 58, 78, 75, 75, 10, 163, 71, 131, 56, 10, 163, 58, 78, 75, 75, 10, 163, 71, 5, 56, 56, 10, 163, 58, 5, 75, 75, 10, 163, 23, 123, 17, 73, 23, 193, 56, 56, 6, 5, 71, 131, 56, 10, 163, 58, 78, 75, 75, 6, 5, 71, 131, 56, 10, 163, 58, 78, 75, 75, 6, 5, 23, 50, 5, 22, 50, 5, 1, 2, 12, 24, 9, 3, 6, 5, 53, 54, 55, 56, 24, 32, 9, 14, 5, 9, 33, 24, 34, 53, 54, 52, 6, 17, 60, 6, 23, 5, 57, 95, 24, 22, 57, 91, 24]",85
41290,41290,"[72, 12, 2, 3, 199, 5, 5, 14, 5, 12, 51, 14, 5, 12, 9, 27, 29, 12, 6, 14, 5, 7, 14, 5, 12, 11, 5, 14, 5, 85, 25, 26, 199, 51, 32, 27, 14, 5, 27, 33, 15, 199, 51, 44, 17, 199, 51, 27, 23, 17, 27, 23, 15, 199, 51, 40, 5, 11, 27, 14, 5, 22, 32, 29, 14, 27, 157, 17, 199, 51, 29, 23, 125, 22, 17, 199, 51, 29, 23, 101, 17, 29, 23, 15, 199, 51, 40, 5, 75, 75, 6, 23, 127, 56, 6, 18, 5, 120, 17, 6, 42, 7, 11, 27, 14, 5, 6, 14, 7, 14, 5, 22, 17, 199, 51, 27, 23, 17, 27, 23, 5, 11, 27, 14, 5, 22, 32, 29, 14, 27, 29, 88, 17, 199, 51, 29, 23, 125, 22, 17, 199, 51, 29, 23, 101, 17, 29, 23, 5, 75, 75, 6, 23, 127, 56, 6, 18, 5, 120, 17, 6, 33, 7, 11, 27, 14, 5, 6, 14, 7, 14, 5, 22, 92, 46, 47, 199, 51, 47, 48, 32, 27, 14, 5, 27, 58, 15, 199, 51, 40, 5, 44, 17, 11, 27, 23, 5, 46, 47, 22, 17, 11, 27, 23, 5, 46, 47, 22, 17, 11, 27, 23, 5, 46, 47, 43, 46, 47, 48, 6, 14, 5, 7, 14, 5, 32, 27, 14, 5, 27, 33, 5, 44, 11, 27, 14, 5, 93, 50, 5, 72]",17
4883,4883,"[12, 2, 12, 24, 28, 9, 27, 12, 181, 14, 5, 12, 181, 14, 5, 12, 6, 5, 53, 54, 55, 56, 24, 32, 9, 14, 5, 9, 33, 24, 34, 53, 54, 55, 56, 6, 9, 53, 54, 55, 56, 28, 32, 9, 14, 5, 9, 33, 24, 34, 17, 6, 9, 23, 28, 181, 112, 32, 9, 14, 5, 9, 33, 24, 34, 17, 6, 9, 23, 28, 32, 27, 14, 9, 35, 5, 27, 33, 24, 44, 17, 6, 27, 18, 28, 6, 9, 14, 6, 27, 6, 27, 14, 28, 120, 32, 9, 14, 5, 9, 33, 24, 40, 181, 40, 5, 34, 57, 54, 55, 6, 9, 57, 54, 55, 6, 24, 40, 181, 40, 5, 50, 5]",42
5241,5241,"[12, 2, 12, 6, 7, 11, 55, 66, 32, 6, 14, 5, 6, 33, 5, 125, 32, 7, 14, 5, 7, 33, 5, 101, 17, 7, 18, 6, 32, 11, 14, 5, 11, 33, 5, 126, 17, 11, 18, 131, 56, 11, 18, 7, 32, 55, 14, 5, 55, 33, 5, 159, 17, 55, 18, 131, 56, 55, 18, 127, 56, 55, 18, 11, 66, 14, 5, 40, 6, 40, 7, 40, 11, 40, 55, 17, 66, 18, 5, 56, 56, 66, 18, 5, 56, 56, 66, 23, 5, 35, 6, 18, 5, 35, 6, 18, 5, 23, 5, 56, 56, 7, 23, 5, 35, 7, 18, 5, 35, 7, 18, 5, 23, 5, 56, 56, 6, 23, 5, 35, 11, 18, 5, 35, 11, 18, 5, 23, 5, 56, 56, 11, 18, 5, 35, 55, 18, 5, 35, 55, 18, 5, 23, 5, 56, 56, 55, 23, 5, 35, 66, 18, 5, 35, 66, 18, 5, 23, 5, 46, 47, 6, 47, 47, 7, 47, 47, 11, 47, 47, 55, 47, 47, 66, 50, 5]",41
35591,35591,"[12, 2, 12, 200, 25, 26, 200, 12, 41, 201, 200, 14, 5, 12, 201, 200, 14, 5, 32, 12, 9, 14, 5, 9, 58, 200, 34, 12, 41, 86, 25, 26, 41, 26, 86, 17, 41, 71, 5, 56, 56, 41, 58, 5, 56, 56, 86, 58, 5, 56, 56, 86, 71, 5, 23, 5, 201, 200, 112, 22, 17, 201, 200, 42, 41, 201, 200, 41, 201, 200, 14, 201, 200, 201, 200, 14, 5, 17, 201, 200, 42, 41, 201, 200, 41, 201, 200, 14, 201, 200, 46, 47, 41, 201, 200, 47, 48, 202, 202, 50, 5]",82
24063,24063,"[12, 2, 12, 24, 51, 12, 9, 27, 12, 28, 14, 5, 53, 54, 55, 56, 24, 12, 10, 203, 14, 12, 10, 204, 144, 12, 10, 24, 32, 9, 14, 5, 9, 58, 24, 34, 32, 27, 14, 5, 27, 33, 9, 44, 17, 79, 27, 23, 5, 120, 17, 27, 23, 9, 203, 28, 14, 9, 49, 32, 9, 14, 5, 9, 58, 28, 34, 17, 203, 9, 35, 5, 40, 203, 9, 23, 5, 57, 54, 55, 54, 55, 24, 203, 9, 203, 9, 35, 5, 51, 14, 5, 17, 51, 18, 5, 57, 205, 206, 203, 50, 5]",60
23375,23375,"[72, 3, 102, 5, 14, 5, 1, 207, 12, 9, 14, 5, 208, 14, 5, 12, 193, 14, 15, 102, 32, 9, 14, 5, 9, 33, 193, 34, 12, 31, 14, 102, 9, 40, 5, 31, 59, 5, 102, 9, 14, 31, 54, 5, 35, 208, 35, 5, 208, 14, 31, 39, 5, 17, 9, 23, 193, 40, 5, 56, 56, 208, 18, 5, 102, 9, 35, 5, 14, 208, 35, 5, 12, 2, 12, 24, 102, 5, 14, 5, 25, 26, 24, 12, 9, 17, 24, 23, 5, 46, 47, 102, 47, 48, 22, 32, 9, 14, 5, 9, 58, 24, 34, 207, 32, 9, 14, 15, 102, 40, 5, 9, 71, 5, 9, 88, 46, 47, 102, 9, 50, 5, 72]",25
44873,44873,"[72, 12, 209, 210, 1, 10, 6, 210, 1, 10, 7, 50, 10, 12, 10, 6, 40, 10, 12, 10, 7, 12, 211, 210, 1, 10, 6, 210, 1, 10, 7, 50, 10, 12, 10, 7, 40, 10, 12, 10, 6, 12, 2, 12, 212, 5, 14, 5, 12, 213, 5, 14, 5, 36, 214, 14, 5, 12, 215, 14, 5, 3, 216, 5, 14, 12, 9, 14, 5, 27, 14, 5, 106, 14, 5, 12, 217, 14, 5, 218, 14, 5, 53, 54, 55, 56, 106, 85, 9, 33, 106, 53, 54, 52, 54, 63, 216, 56, 214, 215, 14, 214, 10, 5, 17, 216, 5, 23, 51, 212, 219, 215, 22, 213, 220, 215, 34, 221, 56, 212, 5, 217, 144, 12, 209, 221, 56, 213, 5, 218, 144, 12, 211, 32, 9, 14, 5, 9, 33, 217, 34, 214, 14, 36, 212, 9, 39, 5, 57, 54, 38, 60, 214, 32, 9, 14, 5, 9, 33, 218, 34, 214, 14, 36, 213, 9, 39, 5, 17, 9, 23, 5, 57, 54, 38, 60, 214, 22, 57, 54, 38, 60, 214, 57, 24, 50, 5, 72]",102
26027,26027,"[12, 2, 12, 6, 7, 11, 24, 52, 5, 9, 29, 53, 54, 55, 54, 55, 54, 55, 56, 6, 56, 7, 56, 11, 52, 5, 14, 5, 52, 5, 14, 5, 52, 5, 14, 5, 52, 5, 14, 5, 52, 5, 14, 5, 52, 5, 14, 5, 52, 5, 14, 5, 52, 5, 14, 5, 52, 5, 14, 5, 52, 5, 14, 5, 52, 5, 14, 5, 29, 14, 5, 32, 9, 14, 5, 9, 33, 7, 40, 5, 34, 17, 90, 5, 23, 5, 56, 56, 90, 5, 18, 5, 75, 75, 90, 5, 23, 5, 52, 5, 14, 5, 29, 14, 52, 9, 35, 29, 22, 52, 5, 14, 5, 29, 14, 52, 9, 35, 29, 24, 14, 29, 35, 11, 57, 54, 55, 24, 24, 50, 5]",11
50806,50806,"[12, 2, 1, 80, 3, 76, 12, 106, 12, 69, 3, 6, 3, 7, 3, 6, 7, 12, 69, 51, 24, 29, 9, 4, 12, 106, 5, 14, 5, 3, 76, 5, 13, 76, 69, 14, 15, 76, 6, 14, 76, 5, 7, 14, 76, 69, 40, 5, 80, 76, 106, 69, 6, 7, 32, 51, 14, 5, 51, 33, 69, 40, 5, 51, 14, 51, 35, 5, 32, 24, 14, 5, 24, 33, 69, 40, 5, 40, 51, 24, 14, 24, 35, 5, 17, 106, 24, 35, 5, 42, 106, 24, 35, 5, 29, 14, 106, 24, 35, 5, 106, 24, 35, 5, 14, 106, 24, 35, 5, 106, 24, 35, 5, 14, 29, 4, 14, 106, 24, 106, 24, 14, 106, 24, 35, 5, 106, 24, 35, 5, 14, 4, 32, 9, 14, 5, 9, 33, 69, 40, 5, 9, 14, 9, 35, 5, 57, 54, 55, 54, 55, 24, 106, 9, 106, 9, 35, 5, 1, 80, 3, 76, 12, 106, 12, 69, 3, 6, 3, 7, 12, 9, 27, 29, 14, 5, 73, 14, 5, 222, 14, 5, 32, 73, 33, 69, 39, 5, 32, 9, 14, 5, 9, 33, 69, 34, 17, 76, 9, 18, 6, 92, 32, 27, 14, 9, 35, 5, 222, 14, 5, 27, 33, 69, 44, 17, 76, 27, 23, 6, 223, 17, 76, 27, 23, 127, 56, 222, 23, 5, 106, 29, 14, 9, 106, 29, 35, 5, 14, 27, 76, 9, 14, 5, 76, 27, 14, 5, 123, 29, 14, 29, 35, 5, 120]",77
12954,12954,"[104, 224, 12, 225, 12, 226, 12, 227, 12, 30, 104, 224, 10, 228, 104, 224, 10, 229, 10, 230, 10, 231, 10, 231, 12, 9, 24, 28, 14, 5, 41, 52, 14, 5, 104, 224, 10, 232, 1, 230, 14, 19, 53, 54, 55, 56, 24, 231, 14, 231, 14, 104, 224, 10, 204, 193, 53, 54, 55, 54, 55, 54, 55, 56, 231, 40, 42, 225, 56, 231, 40, 42, 226, 56, 231, 40, 42, 227, 32, 28, 14, 5, 28, 33, 24, 49, 17, 28, 23, 5, 230, 14, 231, 231, 40, 42, 229, 14, 19, 22, 231, 40, 42, 228, 14, 231, 231, 40, 42, 229, 14, 231, 231, 14, 231, 231, 14, 104, 224, 10, 204, 193, 53, 54, 55, 54, 55, 54, 55, 56, 231, 40, 42, 225, 56, 231, 40, 42, 226, 56, 231, 40, 42, 227, 231, 40, 42, 228, 14, 231, 231, 40, 42, 228, 14, 230, 50, 230, 1, 2, 230, 14, 232, 41, 14, 5, 85, 52, 33, 5, 41, 14, 5, 32, 9, 14, 5, 9, 58, 24, 34, 17, 9, 23, 24, 231, 14, 19, 22, 231, 40, 42, 30, 14, 231, 40, 42, 226, 35, 231, 40, 42, 227, 231, 14, 231, 40, 42, 228, 231, 14, 230, 32, 9, 14, 5, 9, 58, 24, 34, 17, 231, 40, 42, 30, 42, 41, 41, 14, 231, 40, 42, 30, 231, 14, 231, 40, 42, 228, 231, 14, 230, 32, 9, 14, 5, 9, 58, 24, 34, 231, 14, 231, 231, 14, 231, 40, 42, 228, 17, 231, 40, 42, 226, 35, 231, 40, 42, 227, 23, 41, 57, 54, 55, 54, 55, 24, 231, 40, 42, 225, 231, 40, 42, 30, 17, 231, 23, 230, 230, 14, 231, 40, 42, 228, 231, 14, 230, 22, 231, 14, 231, 40, 42, 229, 231, 14, 231, 40, 42, 228, 231, 40, 42, 228, 14, 231, 120, 139]",14
30938,30938,"[12, 2, 12, 76, 77, 14, 5, 53, 54, 55, 56, 76, 17, 76, 33, 5, 57, 54, 55, 76, 22, 85, 76, 42, 5, 77, 14, 233, 5, 35, 5, 10, 77, 76, 14, 76, 39, 5, 17, 233, 5, 18, 5, 57, 54, 55, 77, 22, 57, 54, 5, 55, 77, 50, 5]",16
44549,44549,"[1, 2, 12, 24, 12, 9, 27, 114, 216, 114, 6, 5, 14, 5, 114, 7, 5, 14, 5, 12, 29, 14, 5, 12, 52, 14, 5, 104, 3, 234, 5, 114, 235, 236, 5, 53, 54, 55, 56, 24, 32, 9, 14, 5, 9, 33, 24, 34, 53, 54, 52, 56, 236, 9, 237, 53, 54, 60, 56, 236, 9, 238, 32, 9, 14, 5, 9, 33, 24, 34, 17, 239, 236, 9, 237, 240, 23, 5, 6, 29, 14, 236, 9, 238, 29, 14, 29, 35, 5, 22, 7, 52, 14, 236, 9, 238, 52, 14, 52, 35, 5, 32, 9, 14, 5, 9, 33, 29, 40, 5, 34, 32, 27, 14, 9, 35, 5, 27, 33, 29, 44, 17, 6, 9, 42, 6, 27, 216, 14, 6, 9, 6, 9, 14, 6, 27, 6, 27, 14, 216, 32, 9, 14, 5, 9, 33, 52, 40, 5, 34, 32, 27, 14, 9, 35, 5, 27, 33, 52, 44, 17, 7, 9, 33, 7, 27, 216, 14, 7, 9, 7, 9, 14, 7, 27, 7, 27, 14, 216, 32, 9, 14, 5, 9, 33, 29, 34, 236, 9, 238, 14, 6, 9, 32, 9, 14, 29, 9, 33, 52, 35, 29, 34, 236, 9, 238, 14, 7, 9, 40, 29, 57, 54, 38, 60, 236, 5, 238, 32, 9, 14, 5, 9, 33, 52, 35, 29, 34, 57, 54, 38, 60, 236, 9, 238]",102
1859,1859,"[12, 241, 210, 1, 10, 163, 210, 1, 10, 4, 50, 10, 12, 10, 163, 40, 10, 12, 10, 4, 12, 2, 12, 24, 9, 29, 5, 4, 5, 85, 25, 26, 24, 17, 24, 23, 5, 120, 12, 73, 14, 5, 32, 9, 14, 5, 9, 33, 24, 34, 25, 26, 29, 9, 32, 9, 14, 5, 9, 33, 24, 34, 25, 26, 4, 9, 221, 29, 24, 144, 12, 241, 221, 4, 24, 144, 12, 241, 12, 242, 14, 5, 243, 14, 24, 40, 5, 244, 14, 5, 245, 14, 24, 40, 5, 85, 242, 58, 243, 17, 29, 243, 33, 4, 245, 245, 88, 246, 73, 88, 22, 17, 29, 243, 42, 4, 245, 245, 88, 243, 88, 123, 22, 17, 29, 242, 42, 4, 244, 123, 246, 247, 22, 17, 29, 242, 33, 4, 244, 73, 88, 246, 245, 88, 22, 17, 29, 243, 42, 29, 242, 73, 88, 246, 245, 88, 22, 120, 46, 47, 73, 10, 5, 47, 48, 50, 5]",92
2681,2681,"[12, 6, 5, 7, 5, 11, 5, 76, 77, 163, 12, 2, 12, 24, 9, 25, 26, 24, 25, 26, 76, 26, 77, 85, 76, 18, 5, 75, 75, 77, 18, 5, 7, 77, 112, 11, 76, 14, 5, 25, 26, 76, 26, 77, 32, 9, 14, 5, 9, 33, 24, 34, 17, 7, 9, 23, 24, 40, 5, 56, 56, 11, 9, 23, 5, 46, 47, 9, 47, 48, 163, 14, 5, 17, 163, 23, 5, 46, 47, 248, 249, 47, 48, 50, 5]",89
32669,32669,"[12, 2, 12, 51, 24, 9, 53, 54, 89, 55, 56, 24, 56, 51, 12, 10, 250, 250, 14, 12, 10, 204, 144, 12, 10, 5, 10, 24, 40, 51, 32, 9, 14, 5, 9, 33, 24, 34, 53, 54, 55, 250, 35, 9, 32, 9, 14, 5, 9, 33, 24, 40, 51, 34, 10, 250, 35, 9, 35, 24, 14, 250, 9, 57, 54, 55, 250, 24, 40, 51, 32, 9, 14, 24, 40, 51, 35, 5, 9, 33, 5, 10, 24, 40, 51, 34, 57, 54, 55, 250, 9, 206, 250, 50, 5]",52
40782,40782,"[104, 251, 3, 252, 5, 12, 253, 12, 254, 3, 255, 3, 256, 12, 257, 12, 30, 12, 2, 104, 251, 236, 5, 31, 12, 24, 9, 27, 99, 14, 5, 258, 14, 5, 53, 54, 55, 56, 24, 32, 9, 14, 5, 9, 33, 24, 34, 53, 54, 52, 54, 89, 55, 54, 11, 54, 11, 54, 55, 236, 9, 259, 56, 236, 9, 260, 56, 236, 9, 261, 56, 236, 9, 262, 56, 236, 9, 263, 56, 236, 9, 264, 236, 9, 265, 14, 5, 17, 236, 9, 260, 42, 5, 56, 56, 236, 9, 264, 42, 5, 236, 9, 265, 83, 5, 17, 236, 9, 260, 42, 5, 56, 56, 236, 9, 261, 42, 5, 236, 9, 265, 83, 5, 17, 236, 9, 260, 42, 5, 236, 9, 265, 83, 5, 17, 236, 9, 260, 42, 5, 56, 56, 236, 9, 263, 23, 77, 236, 9, 265, 83, 5, 17, 236, 9, 261, 42, 5, 56, 56, 236, 9, 262, 23, 77, 236, 9, 265, 83, 5, 32, 9, 14, 5, 9, 33, 24, 34, 258, 14, 258, 35, 236, 9, 265, 32, 9, 14, 5, 9, 33, 24, 34, 32, 27, 14, 5, 27, 33, 24, 40, 9, 44, 17, 236, 27, 265, 33, 236, 27, 35, 5, 265, 31, 14, 236, 27, 236, 27, 14, 236, 27, 35, 5, 236, 27, 35, 5, 14, 31, 32, 9, 14, 5, 9, 33, 24, 34, 17, 236, 9, 265, 23, 236, 5, 265, 100, 22, 120, 57, 54, 52, 113, 55, 113, 55, 24, 236, 5, 259, 236, 5, 265, 258, 50, 5]",39
26580,26580,"[12, 2, 12, 266, 14, 5, 12, 24, 51, 6, 266, 266, 12, 9, 27, 28, 222, 267, 216, 53, 54, 55, 54, 55, 56, 24, 56, 51, 267, 14, 5, 32, 9, 14, 5, 9, 33, 24, 34, 32, 27, 14, 5, 27, 33, 51, 44, 53, 54, 55, 56, 6, 9, 27, 32, 9, 14, 5, 9, 33, 24, 34, 216, 14, 5, 222, 14, 5, 32, 27, 14, 5, 27, 33, 51, 44, 17, 216, 33, 6, 9, 27, 216, 14, 6, 9, 27, 28, 14, 27, 32, 27, 14, 5, 27, 33, 24, 44, 17, 216, 42, 6, 27, 28, 222, 14, 5, 17, 222, 23, 5, 57, 54, 55, 35, 54, 55, 9, 28, 267, 14, 5, 120, 17, 267, 23, 5, 57, 146, 50, 5]",35
11146,11146,"[12, 2, 12, 9, 27, 6, 5, 7, 5, 11, 5, 55, 5, 66, 5, 60, 5, 52, 5, 32, 9, 14, 5, 9, 34, 53, 54, 55, 56, 6, 9, 17, 6, 9, 18, 5, 53, 54, 55, 54, 55, 54, 55, 54, 55, 54, 55, 56, 7, 9, 56, 11, 9, 56, 55, 9, 56, 66, 9, 56, 60, 9, 22, 53, 54, 55, 54, 55, 54, 55, 54, 55, 54, 55, 56, 7, 9, 56, 11, 9, 56, 55, 9, 56, 66, 9, 56, 60, 9, 120, 32, 27, 14, 5, 27, 33, 9, 44, 52, 27, 14, 5, 10, 5, 35, 55, 27, 40, 6, 27, 35, 5, 10, 5, 35, 66, 27, 40, 7, 27, 35, 5, 35, 60, 27, 40, 11, 27, 57, 54, 55, 24, 52, 27, 50, 5]",87
44838,44838,"[12, 2, 12, 24, 9, 27, 29, 114, 68, 5, 28, 3, 52, 5, 5, 76, 5, 6, 5, 14, 240, 7, 5, 14, 268, 53, 54, 55, 56, 24, 32, 9, 14, 5, 9, 33, 24, 34, 53, 54, 52, 54, 60, 52, 9, 56, 68, 9, 32, 9, 14, 5, 9, 33, 24, 40, 5, 34, 32, 27, 14, 5, 27, 33, 24, 40, 9, 40, 5, 44, 17, 68, 27, 42, 68, 27, 35, 5, 28, 14, 68, 27, 68, 27, 14, 68, 27, 35, 5, 68, 27, 35, 5, 14, 28, 269, 76, 52, 27, 269, 52, 27, 52, 27, 35, 5, 269, 52, 27, 35, 5, 76, 32, 9, 14, 5, 9, 33, 24, 34, 17, 239, 52, 9, 6, 23, 5, 57, 54, 38, 60, 68, 9, 29, 14, 9, 120, 32, 27, 14, 29, 35, 5, 27, 33, 24, 44, 17, 239, 52, 27, 6, 23, 5, 57, 54, 38, 60, 68, 27, 32, 27, 14, 24, 40, 5, 27, 71, 5, 27, 88, 17, 239, 52, 27, 7, 23, 5, 57, 54, 38, 60, 68, 27, 57, 24, 50, 5]",102
20075,20075,"[12, 270, 12, 271, 12, 102, 17, 272, 5, 23, 5, 75, 75, 272, 5, 23, 5, 56, 56, 272, 5, 18, 5, 102, 14, 5, 22, 102, 14, 5, 50, 102, 12, 273, 271, 274, 87, 12, 102, 14, 5, 12, 9, 32, 9, 14, 5, 9, 33, 274, 34, 17, 9, 23, 5, 75, 75, 9, 23, 5, 75, 75, 9, 23, 5, 75, 75, 9, 23, 5, 75, 75, 9, 23, 5, 75, 75, 9, 23, 5, 75, 75, 9, 23, 5, 102, 83, 5, 22, 17, 9, 23, 5, 75, 75, 9, 23, 5, 75, 75, 9, 23, 5, 75, 75, 9, 23, 5, 102, 83, 5, 22, 17, 9, 23, 5, 17, 270, 271, 102, 83, 5, 22, 102, 83, 5, 102, 83, 87, 50, 102, 12, 2, 12, 9, 12, 271, 274, 87, 12, 275, 276, 12, 277, 14, 5, 277, 53, 54, 89, 89, 55, 56, 271, 56, 274, 56, 87, 275, 14, 272, 5, 23, 5, 43, 5, 272, 5, 32, 9, 14, 5, 9, 33, 275, 34, 17, 270, 9, 277, 83, 5, 22, 277, 83, 5, 277, 14, 273, 271, 274, 87, 276, 14, 277, 35, 277, 17, 278, 5, 23, 5, 57, 279, 17, 278, 5, 23, 5, 57, 280, 17, 278, 5, 23, 5, 57, 281, 17, 278, 5, 23, 5, 57, 282, 17, 278, 5, 23, 5, 57, 283, 17, 278, 5, 23, 5, 57, 284, 17, 278, 5, 23, 5, 57, 285, 50, 5]",66
13877,13877,"[12, 2, 12, 24, 9, 28, 51, 5, 36, 6, 5, 286, 286, 52, 5, 14, 5, 53, 54, 55, 56, 24, 32, 9, 14, 5, 9, 58, 24, 34, 53, 54, 55, 56, 51, 9, 32, 28, 14, 5, 28, 58, 51, 9, 49, 53, 54, 63, 56, 6, 28, 286, 14, 5, 286, 14, 5, 32, 28, 14, 5, 28, 58, 51, 9, 49, 286, 83, 6, 28, 286, 14, 286, 39, 51, 9, 32, 28, 14, 5, 28, 58, 51, 9, 49, 286, 83, 6, 28, 40, 286, 10, 6, 28, 40, 286, 286, 14, 286, 39, 51, 9, 52, 9, 14, 36, 64, 286, 32, 9, 14, 5, 9, 58, 24, 34, 57, 54, 38, 63, 24, 52, 9, 50, 5]",38
46072,46072,"[12, 2, 12, 98, 5, 5, 32, 12, 6, 14, 5, 6, 33, 5, 125, 32, 12, 7, 14, 5, 7, 33, 5, 101, 53, 54, 55, 56, 98, 6, 7, 12, 51, 24, 66, 53, 54, 55, 54, 55, 56, 51, 56, 24, 17, 51, 58, 5, 56, 56, 51, 71, 5, 56, 56, 24, 58, 5, 56, 56, 24, 71, 5, 32, 12, 7, 14, 5, 7, 33, 5, 101, 66, 14, 98, 24, 7, 98, 24, 7, 14, 98, 51, 7, 98, 51, 7, 14, 66, 32, 12, 6, 14, 5, 6, 33, 5, 125, 32, 12, 7, 14, 5, 7, 33, 5, 101, 57, 54, 55, 98, 6, 7, 57, 54, 55, 24, 98, 6, 5, 22, 57, 287, 50, 5]",81
23615,23615,"[1, 2, 12, 24, 9, 28, 27, 53, 54, 55, 56, 24, 32, 27, 14, 5, 27, 58, 24, 44, 3, 76, 5, 13, 76, 28, 14, 15, 76, 17, 76, 28, 40, 5, 23, 288, 56, 76, 28, 40, 5, 23, 289, 56, 76, 28, 40, 5, 23, 175, 32, 9, 14, 5, 9, 33, 28, 40, 5, 34, 57, 54, 11, 76, 9, 22, 17, 76, 28, 40, 5, 23, 290, 56, 76, 28, 40, 5, 23, 99, 32, 9, 14, 5, 9, 33, 28, 40, 5, 34, 57, 54, 11, 76, 9, 22, 32, 9, 14, 5, 9, 33, 28, 40, 5, 34, 57, 54, 11, 76, 9, 57, 24]",57
46061,46061,"[12, 291, 12, 6, 5, 5, 12, 9, 12, 27, 12, 28, 29, 17, 9, 33, 5, 56, 56, 27, 33, 5, 32, 28, 14, 5, 28, 33, 5, 49, 29, 14, 6, 9, 28, 6, 9, 28, 14, 6, 27, 28, 6, 27, 28, 14, 29, 50, 5, 22, 50, 5, 1, 2, 12, 52, 5, 5, 12, 24, 51, 12, 163, 4, 32, 163, 14, 5, 163, 33, 5, 192, 32, 4, 14, 5, 4, 33, 5, 138, 53, 54, 55, 56, 52, 163, 4, 53, 54, 55, 54, 55, 56, 24, 56, 51, 17, 291, 52, 24, 51, 23, 5, 57, 287, 22, 32, 163, 14, 5, 163, 33, 5, 192, 32, 4, 14, 5, 4, 33, 5, 138, 17, 4, 33, 5, 57, 54, 55, 52, 163, 4, 22, 57, 54, 55, 24, 52, 163, 4]",81
29987,29987,"[12, 52, 14, 5, 78, 14, 5, 1, 292, 12, 76, 12, 77, 12, 9, 17, 76, 23, 5, 52, 14, 52, 35, 5, 32, 9, 14, 77, 9, 58, 76, 34, 17, 233, 9, 23, 5, 292, 76, 39, 9, 9, 12, 2, 12, 24, 6, 9, 25, 26, 24, 32, 9, 14, 5, 9, 58, 24, 34, 25, 26, 6, 292, 6, 78, 46, 47, 52, 47, 48, 52, 14, 5]",1
37599,37599,"[12, 2, 12, 6, 12, 7, 9, 53, 54, 55, 56, 6, 7, 14, 6, 32, 9, 14, 5, 7, 18, 5, 34, 17, 90, 5, 23, 5, 7, 14, 6, 39, 5, 17, 9, 23, 5, 57, 54, 55, 39, 5, 14, 54, 55, 6, 7, 22, 17, 9, 18, 5, 57, 113, 55, 39, 5, 14, 54, 55, 6, 7, 22, 17, 90, 5, 18, 5, 7, 14, 6, 10, 5, 35, 5, 17, 9, 23, 5, 57, 54, 55, 10, 5, 35, 5, 14, 54, 55, 6, 7, 22, 17, 9, 18, 5, 57, 113, 55, 10, 5, 35, 5, 14, 54, 55, 6, 7, 6, 14, 7, 57, 24, 188, 50, 5]",34
8591,8591,"[12, 2, 12, 24, 53, 54, 55, 56, 24, 3, 52, 5, 5, 12, 9, 27, 32, 9, 14, 5, 9, 58, 24, 34, 196, 32, 27, 14, 5, 27, 58, 24, 44, 53, 54, 11, 56, 52, 9, 27, 12, 51, 53, 54, 55, 56, 51, 12, 28, 32, 28, 14, 5, 28, 33, 51, 49, 32, 9, 14, 5, 9, 58, 24, 34, 32, 27, 14, 5, 27, 58, 24, 44, 17, 52, 9, 27, 23, 17, 9, 40, 5, 71, 5, 56, 56, 52, 9, 40, 5, 27, 18, 56, 56, 52, 9, 40, 5, 27, 18, 52, 9, 40, 5, 27, 14, 5, 17, 9, 35, 5, 58, 289, 56, 52, 9, 35, 5, 27, 18, 56, 56, 52, 9, 35, 5, 27, 18, 52, 9, 35, 5, 27, 14, 5, 17, 27, 40, 5, 71, 5, 56, 56, 52, 9, 27, 40, 5, 18, 56, 56, 52, 9, 27, 40, 5, 18, 52, 9, 27, 40, 5, 14, 5, 17, 27, 35, 5, 58, 289, 56, 52, 9, 27, 35, 5, 18, 56, 56, 52, 9, 27, 35, 5, 18, 52, 9, 27, 35, 5, 14, 5, 32, 9, 14, 5, 9, 58, 24, 34, 32, 27, 14, 5, 27, 58, 24, 44, 17, 52, 9, 27, 23, 5, 52, 9, 27, 14, 12, 106, 14, 5, 32, 9, 14, 5, 9, 58, 24, 34, 32, 27, 14, 5, 27, 58, 24, 44, 17, 52, 9, 27, 23, 293, 57, 54, 55, 106, 50, 5]",59
27396,27396,"[12, 2, 36, 78, 4, 3, 6, 5, 5, 7, 5, 5, 12, 76, 77, 51, 24, 52, 14, 5, 9, 53, 54, 63, 56, 4, 53, 54, 174, 52, 6, 5, 7, 5, 51, 14, 15, 6, 5, 24, 14, 15, 7, 5, 17, 51, 18, 24, 57, 287, 50, 5, 32, 9, 14, 5, 9, 33, 51, 34, 17, 6, 5, 9, 18, 131, 56, 6, 5, 9, 18, 294, 56, 6, 5, 9, 18, 129, 56, 6, 5, 9, 18, 175, 75, 75, 7, 5, 9, 18, 131, 56, 7, 5, 9, 18, 294, 56, 7, 5, 9, 18, 129, 56, 7, 5, 9, 18, 175, 57, 287, 50, 5, 17, 6, 5, 9, 23, 7, 5, 9, 139, 78, 14, 5, 38, 10, 52, 39, 51, 17, 78, 42, 4, 57, 95, 22, 57, 91, 50, 5]",5
20814,20814,"[12, 2, 12, 24, 9, 295, 193, 14, 5, 3, 224, 5, 163, 5, 14, 53, 54, 55, 56, 24, 32, 12, 9, 14, 5, 9, 33, 24, 34, 57, 163, 53, 54, 52, 224, 295, 14, 15, 224, 17, 193, 35, 295, 42, 5, 57, 24, 193, 14, 5, 22, 17, 9, 42, 5, 57, 193, 83, 295, 35, 5, 269, 163, 224, 57, 163, 196, 196, 196, 50, 5]",98
2914,2914,"[12, 2, 12, 6, 5, 12, 9, 24, 27, 30, 296, 53, 54, 55, 56, 24, 32, 9, 14, 5, 9, 58, 5, 34, 17, 9, 33, 24, 6, 9, 14, 5, 22, 6, 9, 14, 5, 9, 14, 5, 27, 14, 5, 85, 9, 18, 5, 75, 75, 27, 18, 5, 6, 9, 14, 5, 53, 54, 55, 54, 55, 56, 9, 56, 27, 30, 14, 5, 32, 9, 14, 5, 9, 33, 5, 34, 30, 14, 30, 35, 6, 9, 296, 14, 5, 17, 30, 14, 5, 32, 9, 14, 5, 9, 33, 5, 34, 17, 6, 9, 23, 5, 57, 54, 55, 9, 296, 14, 5, 17, 296, 23, 5, 57, 248, 249]",89
41663,41663,"[2, 36, 6, 5, 36, 7, 52, 32, 12, 9, 14, 5, 9, 33, 5, 34, 53, 54, 63, 56, 6, 9, 53, 54, 63, 56, 7, 7, 14, 250, 10, 7, 39, 5, 39, 5, 52, 14, 5, 38, 10, 6, 5, 35, 6, 5, 35, 6, 5, 35, 6, 5, 52, 14, 52, 40, 6, 5, 10, 52, 40, 6, 5, 10, 52, 40, 6, 5, 10, 52, 40, 6, 5, 40, 6, 5, 10, 6, 5, 10, 6, 5, 10, 6, 5, 10, 297, 7, 10, 297, 7, 17, 52, 33, 5, 57, 298, 299, 22, 57, 54, 38, 63, 64, 52]",40
47410,47410,"[72, 3, 149, 3, 6, 5, 3, 7, 5, 32, 12, 9, 14, 5, 34, 17, 6, 9, 71, 111, 56, 56, 6, 9, 58, 300, 6, 9, 84, 111, 40, 6, 17, 7, 9, 71, 111, 56, 56, 7, 9, 58, 300, 7, 9, 84, 111, 40, 6, 17, 6, 9, 42, 7, 9, 50, 42, 17, 6, 9, 33, 7, 9, 50, 33, 17, 6, 9, 23, 5, 50, 14, 12, 2, 3, 6, 5, 7, 5, 301, 6, 5, 24, 301, 7, 5, 24, 46, 47, 149, 6, 7, 50, 5, 72]",95
42718,42718,"[147, 302, 147, 292, 1, 2, 147, 303, 303, 303, 303, 303, 303, 53, 54, 304, 113, 304, 113, 304, 113, 304, 113, 304, 113, 304, 56, 303, 56, 303, 56, 303, 56, 303, 56, 303, 56, 303, 57, 54, 304, 113, 304, 113, 304, 113, 304, 113, 304, 113, 304, 24, 302, 303, 302, 303, 302, 303, 302, 303, 302, 303, 302, 303, 147, 302, 147, 292, 147, 305, 14, 5, 85, 292, 305, 14, 305, 10, 5, 35, 292, 54, 5, 292, 306, 5, 50, 305]",44
27060,27060,"[12, 2, 12, 9, 29, 14, 5, 52, 14, 5, 114, 24, 3, 6, 5, 7, 5, 25, 26, 24, 25, 26, 6, 25, 26, 7, 17, 15, 6, 18, 15, 7, 46, 47, 287, 22, 32, 9, 14, 5, 9, 33, 15, 6, 34, 17, 6, 9, 18, 131, 56, 6, 9, 18, 129, 56, 6, 9, 18, 294, 56, 6, 9, 18, 175, 75, 75, 7, 9, 18, 131, 56, 7, 9, 18, 129, 56, 7, 9, 18, 294, 56, 7, 9, 18, 175, 157, 17, 29, 42, 5, 46, 47, 287, 47, 48, 22, 32, 9, 14, 5, 9, 33, 15, 6, 34, 17, 6, 9, 23, 7, 9, 139, 17, 114, 52, 39, 15, 6, 42, 24, 46, 47, 95, 22, 46, 47, 91, 50, 5]",5
29312,29312,"[12, 2, 12, 24, 9, 27, 14, 5, 28, 12, 6, 5, 7, 5, 11, 5, 32, 9, 14, 5, 9, 33, 5, 34, 6, 9, 14, 5, 7, 9, 14, 5, 11, 9, 14, 5, 53, 54, 55, 56, 24, 32, 9, 14, 5, 9, 33, 24, 34, 53, 54, 55, 56, 6, 9, 7, 9, 14, 5, 32, 9, 14, 5, 9, 33, 24, 34, 17, 7, 9, 11, 27, 14, 6, 9, 32, 28, 14, 9, 28, 33, 24, 49, 17, 6, 28, 23, 11, 27, 7, 28, 14, 5, 27, 14, 27, 35, 5, 17, 27, 42, 5, 32, 9, 14, 5, 9, 33, 27, 40, 5, 34, 57, 54, 55, 11, 9, 57, 54, 55, 11, 27, 40, 5, 50, 5]",53
27936,27936,"[12, 2, 3, 6, 5, 7, 5, 12, 9, 27, 307, 307, 69, 308, 25, 26, 6, 25, 26, 7, 69, 14, 15, 6, 308, 14, 15, 7, 17, 69, 23, 308, 307, 14, 307, 14, 69, 32, 9, 14, 5, 9, 33, 69, 34, 32, 27, 14, 5, 27, 33, 69, 44, 17, 6, 9, 23, 7, 27, 307, 88, 7, 27, 14, 5, 120, 307, 88, 17, 307, 23, 5, 56, 56, 307, 23, 5, 46, 47, 95, 22, 46, 47, 91, 22, 46, 47, 91, 50, 5]",36
49680,49680,"[12, 2, 12, 150, 3, 10, 151, 12, 9, 27, 28, 5, 6, 163, 7, 11, 4, 32, 9, 14, 5, 9, 33, 5, 34, 163, 14, 5, 4, 14, 5, 32, 27, 14, 5, 27, 33, 5, 44, 53, 54, 55, 56, 6, 17, 6, 23, 40, 5, 120, 22, 17, 6, 18, 40, 5, 17, 6, 23, 5, 120, 22, 28, 27, 14, 6, 192, 17, 6, 23, 40, 5, 120, 32, 7, 14, 5, 7, 33, 163, 101, 32, 11, 14, 5, 11, 33, 163, 126, 17, 28, 7, 40, 5, 10, 28, 11, 23, 5, 138, 57, 54, 55, 24, 4, 50, 5]",12
4824,4824,"[12, 2, 12, 24, 9, 28, 27, 309, 14, 5, 29, 12, 6, 5, 25, 26, 24, 32, 9, 14, 5, 9, 33, 24, 34, 25, 26, 6, 9, 25, 26, 28, 9, 14, 5, 85, 9, 33, 24, 17, 6, 9, 23, 28, 309, 14, 309, 35, 5, 17, 9, 23, 24, 40, 309, 120, 22, 32, 27, 14, 9, 35, 5, 27, 33, 24, 44, 6, 27, 40, 5, 14, 6, 27, 22, 34, 32, 29, 14, 5, 29, 33, 24, 40, 309, 40, 5, 157, 46, 47, 6, 29, 47, 46, 47, 6, 24, 40, 309, 40, 5, 50, 5]",42
11959,11959,"[72, 1, 149, 3, 10, 163, 3, 10, 310, 12, 9, 30, 311, 14, 5, 3, 10, 4, 4, 14, 3, 10, 204, 5, 10, 144, 3, 32, 9, 14, 5, 9, 33, 5, 34, 10, 4, 35, 9, 14, 9, 35, 5, 12, 10, 312, 10, 52, 312, 14, 12, 10, 204, 5, 10, 144, 12, 52, 14, 312, 32, 9, 14, 5, 9, 33, 5, 34, 10, 52, 35, 9, 14, 5, 32, 310, 14, 163, 10, 310, 18, 5, 313, 17, 10, 310, 23, 10, 4, 35, 9, 10, 52, 35, 9, 112, 32, 310, 14, 163, 10, 310, 18, 5, 313, 17, 10, 312, 35, 10, 310, 40, 5, 23, 5, 311, 14, 5, 57, 54, 11, 24, 10, 310, 120, 17, 311, 18, 5, 57, 91, 24, 1, 2, 12, 24, 53, 54, 55, 56, 24, 3, 10, 163, 5, 6, 5, 5, 12, 9, 32, 9, 14, 5, 9, 33, 24, 34, 10, 163, 35, 9, 14, 10, 6, 35, 9, 32, 9, 14, 5, 9, 33, 24, 34, 53, 54, 52, 10, 163, 35, 9, 32, 9, 14, 5, 9, 33, 24, 34, 149, 10, 163, 35, 9, 72]",37
22868,22868,"[12, 2, 12, 6, 5, 5, 9, 29, 51, 5, 14, 5, 24, 5, 14, 5, 163, 222, 14, 5, 32, 9, 14, 5, 9, 33, 5, 34, 32, 29, 14, 5, 29, 33, 5, 157, 25, 26, 6, 9, 29, 32, 9, 14, 5, 9, 33, 5, 34, 32, 29, 14, 5, 29, 33, 5, 157, 17, 51, 9, 33, 6, 9, 29, 51, 9, 14, 6, 9, 29, 24, 9, 14, 29, 32, 163, 14, 5, 163, 33, 5, 192, 32, 9, 14, 5, 9, 33, 5, 34, 17, 51, 163, 42, 6, 9, 24, 163, 223, 120, 17, 9, 23, 5, 46, 47, 163, 35, 5, 47, 47, 24, 163, 35, 5, 47, 47, 51, 163, 47, 48, 17, 222, 23, 5, 46, 47, 248, 249, 47, 48, 50, 5]",73
20949,20949,"[12, 2, 3, 6, 5, 5, 14, 5, 12, 24, 314, 25, 26, 24, 32, 314, 14, 5, 314, 33, 24, 314, 112, 25, 26, 10, 6, 35, 314, 12, 106, 14, 5, 32, 12, 314, 14, 5, 314, 58, 314, 40, 5, 314, 112, 17, 106, 35, 15, 10, 6, 35, 314, 58, 5, 56, 56, 106, 35, 15, 10, 6, 35, 314, 35, 5, 35, 15, 10, 6, 35, 314, 35, 5, 58, 5, 56, 56, 314, 18, 314, 40, 5, 46, 47, 10, 6, 35, 314, 47, 106, 14, 106, 35, 15, 10, 6, 35, 314, 35, 5, 22, 17, 106, 35, 15, 10, 6, 35, 314, 58, 5, 56, 56, 106, 35, 15, 10, 6, 35, 314, 35, 5, 35, 15, 10, 6, 35, 314, 35, 5, 42, 5, 46, 47, 10, 6, 35, 314, 47, 48, 106, 14, 5, 22, 17, 106, 35, 15, 10, 6, 35, 314, 58, 5, 56, 56, 106, 35, 15, 10, 6, 35, 314, 35, 5, 35, 15, 10, 6, 35, 314, 35, 5, 58, 5, 56, 56, 314, 23, 314, 40, 5, 46, 47, 10, 6, 35, 314]",98
7900,7900,"[12, 2, 3, 6, 5, 3, 10, 163, 14, 6, 12, 193, 13, 6, 193, 14, 15, 6, 85, 163, 33, 6, 35, 193, 17, 10, 163, 23, 56, 56, 10, 163, 35, 5, 23, 192, 22, 46, 47, 10, 163, 192, 50, 5]",62
50410,50410,"[1, 2, 12, 6, 5, 14, 5, 9, 27, 193, 24, 51, 28, 7, 41, 69, 5, 3, 11, 5, 13, 11, 193, 14, 15, 11, 32, 24, 14, 5, 9, 14, 5, 9, 33, 193, 34, 17, 11, 9, 23, 145, 7, 14, 5, 32, 9, 14, 5, 9, 33, 24, 34, 69, 9, 14, 5, 32, 27, 14, 5, 27, 33, 5, 44, 17, 11, 7, 35, 27, 18, 56, 56, 11, 7, 35, 27, 18, 5, 69, 9, 112, 22, 120, 32, 51, 14, 5, 28, 14, 69, 9, 35, 7, 40, 5, 28, 71, 7, 28, 88, 6, 9, 83, 11, 28, 40, 5, 10, 51, 51, 14, 51, 10, 5, 7, 83, 69, 9, 35, 5, 32, 41, 14, 5, 9, 14, 5, 9, 33, 24, 34, 17, 6, 9, 42, 41, 41, 14, 6, 9, 32, 9, 14, 5, 9, 33, 24, 34, 17, 6, 9, 23, 41, 6, 9, 14, 40, 5, 32, 9, 14, 5, 41, 14, 40, 5, 9, 33, 24, 34, 17, 6, 9, 42, 41, 41, 14, 6, 9, 17, 41, 18, 40, 5, 57, 54, 55, 41, 22, 57, 91]",22
26529,26529,"[1, 2, 12, 6, 5, 5, 9, 27, 51, 24, 69, 28, 7, 5, 11, 29, 53, 54, 55, 54, 55, 56, 9, 56, 27, 32, 51, 14, 5, 51, 58, 9, 40, 5, 93, 32, 24, 14, 5, 24, 58, 27, 40, 5, 145, 53, 54, 55, 56, 6, 51, 24, 32, 51, 14, 5, 51, 58, 9, 40, 5, 93, 7, 51, 14, 5, 32, 24, 14, 5, 24, 58, 27, 40, 5, 145, 17, 6, 51, 24, 42, 6, 51, 7, 51, 7, 51, 14, 24, 32, 69, 14, 5, 69, 58, 9, 40, 5, 140, 17, 6, 69, 7, 51, 33, 6, 51, 7, 51, 29, 14, 5, 120, 22, 29, 14, 5, 17, 29, 23, 5, 11, 14, 51, 120, 17, 29, 23, 5, 57, 54, 55, 35, 54, 55, 11, 7, 51, 22, 57, 91]",35
47342,47342,"[12, 2, 12, 150, 3, 10, 151, 3, 6, 5, 7, 5, 12, 9, 27, 24, 51, 163, 99, 76, 13, 6, 13, 7, 24, 14, 15, 6, 163, 14, 15, 7, 32, 9, 14, 5, 9, 33, 24, 34, 51, 14, 12, 6, 9, 17, 51, 71, 5, 56, 56, 51, 58, 5, 51, 14, 51, 40, 5, 6, 9, 14, 3, 51, 32, 27, 14, 5, 27, 33, 163, 44, 99, 14, 12, 7, 27, 17, 99, 71, 5, 56, 56, 99, 58, 5, 99, 14, 99, 40, 5, 7, 27, 14, 3, 99, 76, 14, 239, 6, 7, 17, 76, 42, 5, 57, 42, 22, 17, 76, 23, 5, 57, 14, 22, 17, 76, 33, 5, 57, 33, 50, 5]",95
6956,6956,"[12, 2, 12, 78, 4, 52, 69, 32, 78, 14, 5, 78, 58, 5, 137, 32, 4, 14, 5, 4, 58, 5, 138, 32, 52, 14, 5, 52, 58, 5, 139, 32, 69, 14, 5, 69, 58, 5, 140, 17, 78, 18, 142, 56, 78, 18, 315, 56, 78, 18, 141, 56, 4, 18, 315, 56, 4, 18, 141, 56, 52, 18, 69, 17, 78, 35, 4, 23, 52, 35, 69, 56, 56, 78, 35, 69, 42, 52, 35, 4, 56, 56, 78, 35, 52, 33, 4, 17, 78, 23, 5, 46, 47, 78, 47, 5, 10, 78, 47, 48, 17, 4, 23, 5, 46, 47, 4, 47, 5, 10, 4, 47, 48, 17, 52, 23, 5, 46, 47, 52, 47, 5, 10, 52, 47, 48, 17, 69, 23, 5, 46, 47, 69, 47, 5, 10, 69, 47, 48, 17, 78, 23, 5, 46, 47, 78, 47, 5, 10, 78, 47, 48, 17, 4, 23, 5, 46, 47, 4, 47, 5, 10, 4, 47, 48, 17, 52, 23, 5, 46, 47, 52, 47, 5, 10, 52, 47, 48, 17, 69, 23, 5, 46, 47, 69, 47, 5, 10, 69, 47, 48, 17, 78, 23, 5, 46, 47, 78, 47, 5, 10, 78, 47, 48, 17, 4, 23, 5, 46, 47, 4, 47, 5, 10, 4, 47, 48, 17, 52, 23, 5, 46, 47, 52, 47, 5, 10, 52, 47, 48, 17, 69, 23, 5, 46, 47, 69, 47, 5, 10, 69, 47, 48, 17, 78, 23, 5, 46, 47, 78, 47, 5, 10, 78, 47, 48, 17, 4, 23, 5, 46, 47, 4, 47, 5, 10, 4, 47, 48, 17, 52, 23, 5, 46, 47, 52, 47, 5, 10, 52, 47, 48, 17, 69, 23, 5, 46, 47, 69, 47, 5, 10, 69, 47, 48, 17, 78, 23, 5, 46, 47, 78, 47, 5, 10, 78, 47, 48, 17, 4, 23, 5, 46, 47, 4, 47, 5, 10, 4, 47, 48, 17, 52, 23, 5, 46, 47, 52, 47, 5, 10, 52, 47, 48, 17, 69, 23, 5, 46, 47, 69, 47, 5, 10, 69, 47, 48, 50, 5]",78
22518,22518,"[12, 2, 12, 106, 5, 5, 9, 27, 28, 32, 9, 14, 5, 9, 58, 5, 34, 32, 27, 14, 5, 27, 58, 5, 44, 25, 26, 106, 9, 27, 32, 9, 14, 5, 9, 58, 5, 34, 106, 9, 5, 14, 316, 317, 32, 27, 14, 5, 27, 58, 5, 44, 17, 106, 9, 27, 42, 106, 9, 5, 106, 9, 5, 14, 106, 9, 27, 32, 27, 14, 5, 27, 58, 5, 44, 106, 5, 27, 14, 316, 318, 32, 9, 14, 5, 9, 58, 5, 34, 17, 106, 9, 27, 33, 106, 5, 27, 106, 5, 27, 14, 106, 9, 27, 28, 14, 5, 32, 9, 14, 5, 9, 58, 5, 34, 32, 27, 14, 5, 27, 58, 5, 44, 17, 106, 9, 27, 23, 106, 9, 5, 56, 56, 106, 9, 27, 23, 106, 5, 27, 49, 46, 47, 9, 47, 47, 27, 47, 47, 106, 9, 27, 47, 48, 17, 28, 23, 5, 46, 47, 248, 249, 47, 48, 50, 5]",73
6406,6406,"[1, 2, 3, 6, 5, 7, 5, 14, 6, 7, 11, 55, 66, 60, 175, 68, 9, 27, 28, 69, 51, 24, 119, 163, 4, 99, 52, 29, 118, 319, 224, 76, 77, 78, 6, 7, 11, 55, 66, 60, 175, 68, 9, 27, 28, 69, 51, 24, 119, 163, 4, 99, 52, 29, 118, 319, 224, 76, 77, 78, 12, 9, 27, 28, 14, 5, 52, 5, 14, 5, 13, 6, 32, 9, 14, 5, 6, 9, 18, 5, 34, 17, 6, 9, 71, 131, 56, 6, 9, 58, 78, 28, 14, 5, 27, 14, 6, 9, 40, 6, 52, 27, 83, 5, 17, 6, 9, 71, 131, 56, 6, 9, 58, 78, 28, 14, 5, 27, 14, 6, 9, 40, 6, 35, 5, 52, 27, 83, 5, 32, 9, 14, 5, 9, 33, 5, 34, 17, 52, 9, 18, 5, 57, 54, 11, 14, 54, 55, 24, 7, 9, 52, 9, 17, 28, 23, 5, 57, 91]",100
